"link";"reference";"title";"jobLocation";"datePosted";"employmentType";"duration.months";"workHours";"baseSalary";"educationRequirements";"experienceRequirements"
"https://emploi.cnrs.fr/Offres/CDD/MOY400-NATSEN-058/Default.aspx";"MOY400-NATSEN-058";"Gestionnaire des Ressources Humaines H/F";"GIF SUR YVETTE";"vendredi 13 novembre 2020";"CDD Technique/Administratif";12;"Temps complet";"entre 1661€ et 1896€ bruts mensuel selon expérience";"Bac / Bac pro";"Indifférent"
"https://emploi.cnrs.fr/Offres/CDD/UMR6533-GERFET-004/Default.aspx";"UMR6533-GERFET-004";"H/F Technicien(ne) en gestion administrative";"AUBIERE";"samedi 14 novembre 2020";"CDD Technique/Administratif";4;"Temps complet";"1613 € brut mensuel";"Bac / Bac pro";"Indifférent"
"https://emploi.cnrs.fr/Offres/CDD/UMR7209-ANNHAU-001/Default.aspx";"UMR7209-ANNHAU-001";"Chercheur F/H. Documenter la diversité et l émergence des premières races ovines durant la protohistoire en Asie du Sud-Ouest (H/F)";"PARIS 05";"dimanche 15 novembre 2020";"CDD Scientifique";22;"Temps complet";"entre 2700€ et 3800€ selon expérience (brut mensuel)";"Bac+5";"Indifférent"
"https://emploi.cnrs.fr/Offres/CDD/UMR7274-HELTOR-002/Default.aspx";"UMR7274-HELTOR-002";"Rhéologie structurelle de bitumes additivés d organogels (H/F)";"NANCY";"lundi 16 novembre 2020";"CDD Scientifique";5;"Temps complet";"Environ 2600 euros brut mois";"Doctorat";"1 à 4 années"
"https://emploi.cnrs.fr/Offres/CDD/UMR7274-ISACHE-002/Default.aspx";"UMR7274-ISACHE-002";"Ingénieur d études (H/F) en culture de cellules animales";"VANDOEUVRE LES NANCY";"lundi 16 novembre 2020";"CDD Technique/Administratif";10;"Temps complet";"entre 2100 € et 2200 € bruts mensuels selon expérience";"Bac+4";"Indifférent"
"https://emploi.cnrs.fr/Offres/CDD/UMS3194-FLOMAS-002/Default.aspx";"UMS3194-FLOMAS-002";"Développeur application web H/F";"ST PIERRE LES NEMOURS";"lundi 16 novembre 2020";"CDD Technique/Administratif";12;"Temps complet";"2151 euros brut par mois";"Bac+3";"Indifférent"
"https://emploi.cnrs.fr/Offres/CDD/UMR137-ANNDUS-002/Default.aspx";"UMR137-ANNDUS-002";"Manager de projets européens (H/F)";"PALAISEAU";"lundi 16 novembre 2020";"CDD Technique/Administratif";12;"Temps complet";"à partir de 2151,31 € brut (selon expérience)";"Bac+5";"Indifférent"
"https://emploi.cnrs.fr/Offres/CDD/UMR6174-SARBEN-001/Default.aspx";"UMR6174-SARBEN-001";"(H/F) Post-doctorant — Phononique, micro-nanosystèmes, acoustique quantique.";"BESANCON";"lundi 16 novembre 2020";"CDD Scientifique";12;"Temps complet";"Entre 2600 € et 3600 € brut mensuel selon l expérience.";"Bac+5";"Indifférent"
"https://emploi.cnrs.fr/Offres/CDD/UMR5069-SAMLAK-001/Default.aspx";"UMR5069-SAMLAK-001";"Post-doctorant(e) H/F en synthèse organique";"TOULOUSE";"lundi 16 novembre 2020";"CDD Scientifique";14;"Temps complet";"de 2648 à 3768 € brut mensuel selon expérience";"Doctorat";"1 à 4 années"
"https://emploi.cnrs.fr/Offres/CDD/UMS3194-FLOMAS-001/Default.aspx";"UMS3194-FLOMAS-001";"Administrateur systèmes d information H/F";"ST PIERRE LES NEMOURS";"lundi 16 novembre 2020";"CDD Technique/Administratif";12;"Temps complet";"2151 euros brut par mois";"Bac+3";"Indifférent"
"https://emploi.cnrs.fr/Offres/CDD/UMR8167-GUICHA-003/Default.aspx";"UMR8167-GUICHA-003";"Post-doctorat en archéologie islamique (H/F)";"IVRY SUR SEINE";"lundi 16 novembre 2020";"CDD Scientifique";12;"Temps complet";"2600 à 3800 euros bruts mensuels selon expérience";"Doctorat";"5 à 10 années"
"https://emploi.cnrs.fr/Offres/CDD/UMR7583-GENTUA-024/Default.aspx";"UMR7583-GENTUA-024";"Ingénieur(e) projet européen (H/F)";"CRETEIL";"lundi 16 novembre 2020";"CDD Technique/Administratif";12;"Temps complet";"entre 2 151,31 à 2 272,27 euros bruts mensuel selon expérience";"Bac+5";"1 à 4 années"
"https://emploi.cnrs.fr/Offres/CDD/UMR6634-CHRVUR-022/Default.aspx";"UMR6634-CHRVUR-022";"Jeune chercheur.se en imagerie 3D à l échelle atomique et spectroscopie optique (H/F)";"ST ETIENNE DU ROUVRAY CEDE";"lundi 16 novembre 2020";"CDD Scientifique";9;"Temps complet";"entre 2 643 et 3 766 €  brut mensuel selon expérience";"Doctorat";"1 à 4 années"
"https://emploi.cnrs.fr/Offres/CDD/UMR8520-SEBGRO-001/Default.aspx";"UMR8520-SEBGRO-001";"Chercheur en CDD sur un nanodrone à ailes vibrantes, H/F";"VILLENEUVE D ASCQ";"lundi 16 novembre 2020";"CDD Scientifique";24;"Temps complet";"à partir de 2675 € bruts / mois";"Doctorat";"Indifférent"
"https://emploi.cnrs.fr/Offres/CDD/UMR5130-DALALO-005/Default.aspx";"UMR5130-DALALO-005";"Ingénieur en développement de logiciels open source C++ sous la plateforme Qt. Interfaçage avec d autres outils logiciels, avec les logiciels d instrumentation et de mesures et les outils logiciels TCAD. H/F";"LE BOURGET DU LAC";"lundi 16 novembre 2020";"CDD Technique/Administratif";12;"Temps complet";"2088€ à 2206€ bruts selon expérience.";"Bac+5";"1 à 4 années"
"https://emploi.cnrs.fr/Offres/CDD/MOY1646-MYRFIN-022/Default.aspx";"MOY1646-MYRFIN-022";"Responsable de pilotage (H/F)";"VANDOEUVRE LES NANCY";"lundi 16 novembre 2020";"CDD Technique/Administratif";12;"Temps complet";"entre 2 228 € et 3 132 € bruts mensuels selon expérience";"Bac+3";"1 à 4 années"
"https://emploi.cnrs.fr/Offres/CDD/UPR3346-NADMAA-032/Default.aspx";"UPR3346-NADMAA-032";"CDD Ingénieur-e d études en techniques expérimentales H/F";"FUTUROSCOPE";"lundi 16 novembre 2020";"CDD Technique/Administratif";24;"Temps complet";"Entre 2088 € et 2206 € bruts mensuels selon expérience";"Bac+5";"1 à 4 années"
"https://emploi.cnrs.fr/Offres/CDD/UMR5253-SARCAV-011/Default.aspx";"UMR5253-SARCAV-011";"Post-doc en développement et caractérisation de membranes bipolaires pour applications photoélectrochimiques (H/F)";"MONTPELLIER";"lundi 16 novembre 2020";"CDD Scientifique";12;"Temps complet";"2650 euros bruts";"Supérieur à bac+5";"1 à 4 années"
"https://emploi.cnrs.fr/Offres/CDD/UMR5048-FLOLEP-012/Default.aspx";"UMR5048-FLOLEP-012";"Ingénieur/e de recherche H/F en techniques biochimiques et biologie structurale";"MONTPELLIER";"lundi 16 novembre 2020";"CDD Technique/Administratif";12;"Temps complet";"Entre 2428 € et 2569 € bruts mensuels selon expérience";"Doctorat";"1 à 4 années"
"https://emploi.cnrs.fr/Offres/CDD/UPR3346-NADMAA-031/Default.aspx";"UPR3346-NADMAA-031";"CDD Ingénieur-e d Etudes en développement de métrologie diphasique aérothermique H/F";"FUTUROSCOPE";"lundi 16 novembre 2020";"CDD Technique/Administratif";12;"Temps complet";"Entre 2088 € et 2206 € bruts mensuels selon expérience";"Ingénieur";"Indifférent"
"https://emploi.cnrs.fr/Offres/CDD/UMS2013-KARLEJ-003/Default.aspx";"UMS2013-KARLEJ-003";"H/F Expert.e données FAIR en science de l environnement""";"MONTPELLIER";"mardi 17 novembre 2020";"CDD Technique/Administratif";20;"Temps complet";"entre 2462 € et 2836 € bruts mensuels selon expérience";"Doctorat";"5 à 10 années"
"https://emploi.cnrs.fr/Offres/CDD/UMR6143-BENLAI-002/Default.aspx";"UMR6143-BENLAI-002";"Ingénieur de recherche multi-risques côtiers H/F";"MONT ST AIGNAN";"mardi 17 novembre 2020";"CDD Technique/Administratif";12;"Temps complet";"environ 2400 euros brut mensuel";"Ingénieur";"Indifférent"
"https://emploi.cnrs.fr/Offres/CDD/UMR5253-SARCAV-010/Default.aspx";"UMR5253-SARCAV-010";"Post-doctorat - alliages de platine pour l électrocatalyse de la réduction de l oxygène (H/F)";"MONTPELLIER";"mardi 17 novembre 2020";"CDD Scientifique";12;"Temps complet";"2650 euros bruts";"Supérieur à bac+5";"1 à 4 années"
"https://emploi.cnrs.fr/Offres/CDD/UMS2013-KARLEJ-004/Default.aspx";"UMS2013-KARLEJ-004";"H/F Chargé(e) de communication scientifique et valorisation pour le pôle THEIA";"MONTPELLIER";"mardi 17 novembre 2020";"CDD Technique/Administratif";12;"Temps complet";"entre 2528 € et 2731 € selon expérience";"Bac+5";"5 à 10 années"
"https://emploi.cnrs.fr/Offres/CDD/UMR6230-JEADUM-009/Default.aspx";"UMR6230-JEADUM-009";"Post-doctorat en méthodologie RMN à Nantes (H/F)";"NANTES";"mardi 17 novembre 2020";"CDD Scientifique";24;"Temps complet";"Entre 2600 and 3000 € brut, selon l expérience";"Doctorat";"Indifférent"
"https://emploi.cnrs.fr/Offres/CDD/UMR5129-MARCLO-038/Default.aspx";"UMR5129-MARCLO-038";"Ingenieur de recherche  (H/F) : Elaboration et mise en œuvre de microlentilles à fort indice optique";"GRENOBLE";"mardi 17 novembre 2020";"CDD Technique/Administratif";24;"Temps complet";"Entre 2437 à 2616 euros bruts mensuels selon l expérience";"Supérieur à bac+5";"Indifférent"
"https://emploi.cnrs.fr/Offres/CDD/UPR2357-CHRRIT-002/Default.aspx";"UPR2357-CHRRIT-002";"H/F OFFRE DE POSTDOCTORAT: dsRNA-sensing lors d interactions plante-virus";"STRASBOURG";"mardi 17 novembre 2020";"CDD Scientifique";24;"Temps complet";"entre 2675 € et 3084 € bruts mensuels selon expérience";"Doctorat";"Indifférent"
"https://emploi.cnrs.fr/Offres/CDD/UMR8190-GERANC-002/Default.aspx";"UMR8190-GERANC-002";"Ingenieur(e) de Recherche (H/F): developpement d algorithme pour exploiter des mesures satellitales";"PARIS 05";"mardi 17 novembre 2020";"CDD Technique/Administratif";8;"Temps complet";"à partir de 2500 € brut selon l experience du candidat";"Ingénieur";"1 à 4 années"
"https://emploi.cnrs.fr/Offres/CDD/MOY200-BRUVER-115/Default.aspx";"MOY200-BRUVER-115";"Ingénieur en bâtiment (H/F)";"PARIS 05";"mardi 17 novembre 2020";"CDD Technique/Administratif";36;"Temps complet";"2511 à 3194 euros bruts";"Supérieur à bac+5";"Indifférent"
"https://emploi.cnrs.fr/Offres/CDD/UMR9197-ODILEC2-078/Default.aspx";"UMR9197-ODILEC2-078";"chercheur Post-doctoral  H/F";"ORSAY";"mardi 17 novembre 2020";"CDD Scientifique";6;"Temps complet";"salaire brut mensuel 2729 € environ";"Bac+5";"1 à 4 années"
"https://emploi.cnrs.fr/Offres/CDD/UMR8630-JERLOD-002/Default.aspx";"UMR8630-JERLOD-002";"Post-doctorat SYRTE, Obseratoire de Paris: horloges à réseau optique (H/F)";"PARIS 14";"mardi 17 novembre 2020";"CDD Scientifique";12;"Temps complet";"entre 2730 et 3145 € Brut mensuel selon expérience";"Doctorat";"Indifférent"
"https://emploi.cnrs.fr/Offres/CDD/UMR8109-SYLDES-021/Default.aspx";"UMR8109-SYLDES-021";"Ingénieur-e en conception mécanique (H/F)";"MEUDON";"mardi 17 novembre 2020";"CDD Technique/Administratif";36;"Temps complet";"selon expérience et diplôme entre 2151€ et 2748€ bruts";"Bac+4";"1 à 4 années"
"https://emploi.cnrs.fr/Offres/CDD/USR6402-HAYAID-014/Default.aspx";"USR6402-HAYAID-014";"ingénieur DevOps : intégration d applications (H/F)";"VILLEURBANNE";"mardi 17 novembre 2020";"CDD Technique/Administratif";12;"Temps complet";"Entre 2109€ et 2375€ bruts mensuels selon expérience";"Bac+4";"Indifférent"
"https://emploi.cnrs.fr/Offres/CDD/UMR5218-FABPRE-009/Default.aspx";"UMR5218-FABPRE-009";"Assistant(e) Ingénieur(e) en analyse chimique H/F";"PESSAC";"mardi 17 novembre 2020";"CDD Technique/Administratif";12;"Temps complet";"entre 1 931€ ou 2 O61€ bruts mensuel selon expérience";"Bac+2";"Indifférent"
"https://emploi.cnrs.fr/Offres/CDD/USR6402-HAYAID-013/Default.aspx";"USR6402-HAYAID-013";"Ingénieur en informatique (H/F)";"VILLEURBANNE";"mardi 17 novembre 2020";"CDD Technique/Administratif";6;"Temps complet";"Entre 2109€ et 2375€ bruts mensuels selon expérience";"Bac+3";"Indifférent"
"https://emploi.cnrs.fr/Offres/CDD/USR3258-VERBEN-006/Default.aspx";"USR3258-VERBEN-006";"H/F Chargé-e de veille scientifique et académique et assistant-e à l animation scientifique";"ST DENIS";"mardi 17 novembre 2020";"CDD Technique/Administratif";12;"Temps incomplet";"1349 et 1400";"Bac+4";"1 à 4 années"
"https://emploi.cnrs.fr/Offres/CDD/UMR8243-EVARYC-018/Default.aspx";"UMR8243-EVARYC-018";"Assistant·e de communication et de médiation scientifique H/F";"PARIS 13";"mercredi 18 novembre 2020";"CDD Technique/Administratif";12;"Temps complet";"Entre 1988.75 euros brut mensuel et 2123.83 euros brut mensuel selon expérience";"Bac+2";"1 à 4 années"
"https://emploi.cnrs.fr/Offres/CDD/UMR7361-KARANS-003/Default.aspx";"UMR7361-KARANS-003";"Ingénieur de recherche (3 ans) physico-chimiste pour la fonctionnalisation de biomatériaux (H/F)";"MULHOUSE";"mercredi 18 novembre 2020";"CDD Technique/Administratif";36;"Temps complet";"entre 2 461 € et 2 835 € bruts mensuels selon expérience";"Doctorat";"1 à 4 années"
"https://emploi.cnrs.fr/Offres/CDD/UMR7334-DELSTU-020/Default.aspx";"UMR7334-DELSTU-020";"Conception de système mixte (mémoire RRAM et numérique/analogique) visant un accélérateur matériel de réseau neurones artificiels H/F";"MARSEILLE 13";"mercredi 18 novembre 2020";"CDD Scientifique";17;"Temps complet";"entre 2728.25 et 3881.28€ brut mensuel selon expérience";"Doctorat";"1 à 4 années"
"https://emploi.cnrs.fr/Offres/CDD/UMR5075-JERGAU-001/Default.aspx";"UMR5075-JERGAU-001";"Chercheur en cryo-microscopie électronique et radiocristallographie (H/F)";"GRENOBLE";"mercredi 18 novembre 2020";"CDD Scientifique";12;"Temps complet";"2648€ bruts mensuels";"Doctorat";"1 à 4 années"
"https://emploi.cnrs.fr/Offres/CDD/UPR2940-MURBOY0-005/Default.aspx";"UPR2940-MURBOY0-005";"Ingénieur-e d étude en développement de micro-capteurs thermiques (H/F)";"GRENOBLE";"mercredi 18 novembre 2020";"CDD Technique/Administratif";18;"Temps complet";"entre 2 088 € et 2 206 € bruts mensuels selon expérience";"Bac+5";"1 à 4 années"
"https://emploi.cnrs.fr/Offres/CDD/UMR5525-ELSGEN-017/Default.aspx";"UMR5525-ELSGEN-017";"Chercheur en bactériologie, génétique moléculaire et évolution expérimentale (H/F)";"LA TRONCHE";"mercredi 18 novembre 2020";"CDD Scientifique";24;"Temps complet";"Environ 3768.64€ bruts mensuels selon expérience";"Doctorat";"Indifférent"
"https://emploi.cnrs.fr/Offres/CDD/UMR6174-SARDJA-007/Default.aspx";"UMR6174-SARDJA-007";"H/F Chercheur Post-doc";"BESANCON";"mercredi 18 novembre 2020";"CDD Scientifique";18;"Temps complet";"entre 2100 et 3000 €";"Doctorat";"1 à 4 années"
"https://emploi.cnrs.fr/Offres/CDD/UMR6502-PATABE-002/Default.aspx";"UMR6502-PATABE-002";"Contrat post-doc H/F pour développement de méthodes de cryo-microscopie électronique et spectroscopie pour l étude des vésicules extracellulaires à l interface du tissu osseux et de son microenvironnement";"NANTES";"mercredi 18 novembre 2020";"CDD Scientifique";18;"Temps complet";"entre 2675 et 3977 euros bruts mensuels, selon expérience";"Doctorat";"Indifférent"
"https://emploi.cnrs.fr/Offres/CDD/MOY1000-EMMSTR-068/Default.aspx";"MOY1000-EMMSTR-068";"Chargé-e d affaires Europe Communautaires et Subventions H/F";"STRASBOURG";"mercredi 18 novembre 2020";"CDD Technique/Administratif";12;"Temps complet";"à partir de 2109,55 euros brut mensuels selon expérience";"Bac+5";"Indifférent"
"https://emploi.cnrs.fr/Offres/CDD/UMR5089-ANTROD-002/Default.aspx";"UMR5089-ANTROD-002";"Assistant-e Ingénieur-e en Plateforme, spécialité Cytométrie en Flux (H/F)";"TOULOUSE";"mercredi 18 novembre 2020";"CDD Technique/Administratif";7;"Temps complet";"entre 1930 et 2168€ bruts mensuels selon expérience";"Bac+2";"Indifférent"
"https://emploi.cnrs.fr/Offres/CDD/UPR3021-ISAZOL-033/Default.aspx";"UPR3021-ISAZOL-033";"Ingénieur en génie des procédés-combution (H/F)";"ORLEANS";"jeudi 19 novembre 2020";"CDD Technique/Administratif";6;"Temps complet";"entre 2088.66 et 2351.51€ bruts mensuels selon expérience";"Bac+5";"Indifférent"
"https://emploi.cnrs.fr/Offres/CDD/UPR4301-MARPER-049/Default.aspx";"UPR4301-MARPER-049";"Ingénieur(e) de recherche biologiste en laboratoire (H/F)";"ORLEANS";"jeudi 19 novembre 2020";"CDD Technique/Administratif";16;"Temps complet";"2 437 € bruts mensuels";"Doctorat";"1 à 4 années"
"https://emploi.cnrs.fr/Offres/CDD/UPR8001-ISAQUE-002/Default.aspx";"UPR8001-ISAQUE-002";"Ingénieur H/F en développement électronique plateforme expérimentale";"TOULOUSE";"jeudi 19 novembre 2020";"CDD Technique/Administratif";6;"Temps complet";"entre 2088 et 2206€ bruts mensuels selon expérience";"Bac+4";"Indifférent"
"https://emploi.cnrs.fr/Offres/CDD/UPS2928-CHRDAV-001/Default.aspx";"UPS2928-CHRDAV-001";"Responsable du département exploitation/opérations polaires (H/F)";"PLOUZANE";"jeudi 19 novembre 2020";"CDD Technique/Administratif";12;"Temps complet";"De 2 228 à 2 528 euros bruts mensuels selon expérience";"Bac+5";"5 à 10 années"
"https://emploi.cnrs.fr/Offres/CDD/UPR2301-XAVGUI-002/Default.aspx";"UPR2301-XAVGUI-002";"Post-doctorat en catalyse énantiosélective (H/F)";"GIF SUR YVETTE";"jeudi 19 novembre 2020";"CDD Scientifique";12;"Temps complet";"2718 € mensuels brut";"Doctorat";"1 à 4 années"
"https://emploi.cnrs.fr/Offres/CDD/UMR7252-BENWET-001/Default.aspx";"UMR7252-BENWET-001";"Chercheur Postdoctoral en Photonique (H/F)";"LIMOGES";"jeudi 19 novembre 2020";"CDD Scientifique";12;"Temps complet";"entre 2648.79 € et 3938.59 € bruts mensuels (selon expérience entre 0 - 10 ans)";"Doctorat";"Indifférent"
"https://emploi.cnrs.fr/Offres/CDD/UMR7249-GUIBAF-008/Default.aspx";"UMR7249-GUIBAF-008";"Ingénieur.e de recherche. Biosensing, microfluidique, plasmonique (H/F)";"MARSEILLE 13";"jeudi 19 novembre 2020";"CDD Technique/Administratif";18;"Temps complet";"entre 2510.74 et 2694.64€ brut mensuel";"Ingénieur";"Indifférent"
"https://emploi.cnrs.fr/Offres/CDD/MOY100-HOUCIN-045/Default.aspx";"MOY100-HOUCIN-045";"Assistant-e en gestion des ressources humaines H/F";"VILLEJUIF";"jeudi 19 novembre 2020";"CDD Technique/Administratif";12;"Temps complet";"entre 1988 et 2 442 € brut mensuel selon expérience";"Bac+2";"1 à 4 années"
"https://emploi.cnrs.fr/Offres/CDD/UMR5582-LUCRIZ-001/Default.aspx";"UMR5582-LUCRIZ-001";"Contrat postdoctoral (H/F) en analyse géométrique à l Institut Fourier (Grenoble, projet ERC GEOSUB)";"GRENOBLE";"jeudi 19 novembre 2020";"CDD Scientifique";24;"Temps complet";"2648 à 3054 € bruts mensuels selon expérience";"Doctorat";"1 à 4 années"
"https://emploi.cnrs.fr/Offres/CDD/UMR7284-AURDOU-001/Default.aspx";"UMR7284-AURDOU-001";"Assistant-e ingénieur-e en biochimie et biologie cellulaire H/F";"NICE";"jeudi 19 novembre 2020";"CDD Technique/Administratif";10;"Temps complet";"de 1 878,96 € à 2 162,93 € bruts mensuels Selon expériences professionnelles acquises antérieurement (barème de rémunération des contractuels Inserm)";"Bac+2";"1 à 4 années"
"https://emploi.cnrs.fr/Offres/CDD/UMR5309-VALSIR-001/Default.aspx";"UMR5309-VALSIR-001";"Poste post-doctoral en épidémiologie environnementale Perturbateurs endocriniens, épigénétique et santé respiratoire (H/F)";"LA TRONCHE";"jeudi 19 novembre 2020";"CDD Scientifique";18;"Temps complet";"2 648 € à 3768€ bruts mensuel selon experience";"Doctorat";"Indifférent"
"https://emploi.cnrs.fr/Offres/CDD/UMR9004-NATARH-003/Default.aspx";"UMR9004-NATARH-003";"Assistant Ingénieur - Biologie cellulaire et Moléculaire  - 6 mois H/F";"MONTPELLIER";"jeudi 19 novembre 2020";"CDD Technique/Administratif";6;"Temps complet";"1950,15 € bruts mensuels";"Bac+2";"1 à 4 années"
"https://emploi.cnrs.fr/Offres/CDD/UMR8249-TUKNGU-001/Default.aspx";"UMR8249-TUKNGU-001";"GESTIONNAIRE ADMINISTRATIF ET FINANCIER(H/F)";"PARIS 05";"jeudi 19 novembre 2020";"CDD Technique/Administratif";12;"Temps complet";"De 1989 à 2234€";"Bac+2";"Indifférent"
"https://emploi.cnrs.fr/Offres/CDD/USR3224-SABFIL-001/Default.aspx";"USR3224-SABFIL-001";"Post-doctorant Physico-chimiste H/F";"PARIS 05";"jeudi 19 novembre 2020";"CDD Scientifique";18;"Temps complet";"entre 2700€ et 3100€ bruts mensuels selon expérience";"Doctorat";"Indifférent"
"https://emploi.cnrs.fr/Offres/CDD/UMR7361-CAMGHI-004/Default.aspx";"UMR7361-CAMGHI-004";"Post-doctorant (e) (H/F) en matériaux carbonés durs";"MULHOUSE";"jeudi 19 novembre 2020";"CDD Scientifique";12;"Temps complet";"à partir de 2675,28 euros brut mensuels, selon expérience";"Doctorat";"1 à 4 années"
"https://emploi.cnrs.fr/Offres/CDD/UMR5669-LAUSAV-002/Default.aspx";"UMR5669-LAUSAV-002";"Post-doctorant (H/F) en Mathématiques";"LYON 07";"jeudi 19 novembre 2020";"CDD Scientifique";24;"Temps complet";"2675 à 3805€ brut mensuel";"Doctorat";"1 à 4 années"
"https://emploi.cnrs.fr/Offres/CDD/UPR3228-CATKNO-010/Default.aspx";"UPR3228-CATKNO-010";"Ingénieur(e) d Etude chargé(e) des relations industrielles H/F";"TOULOUSE";"jeudi 19 novembre 2020";"CDD Technique/Administratif";12;"Temps complet";"entre 2088 et  2351 brut mensuel selon expérience";"Bac+5";"1 à 4 années"
"https://emploi.cnrs.fr/Offres/CDD/MOY200-BRUVER-117/Default.aspx";"MOY200-BRUVER-117";"Gestionnaire Ressources Humaines/Paye (H/F)";"PARIS 05";"jeudi 19 novembre 2020";"CDD Technique/Administratif";6;"Temps complet";"1988 à 2123 euros brut mensuel (selon expérience)";"Bac+2";"1 à 4 années"
"https://emploi.cnrs.fr/Offres/CDD/MOY200-BRUVER-116/Default.aspx";"MOY200-BRUVER-116";"Gestionnaire Ressources Humaines/Paye (H/F)";"PARIS 05";"jeudi 19 novembre 2020";"CDD Technique/Administratif";6;"Temps complet";"1988 à 2123 euros brut mensuel (selon expérience)";"Bac+2";"1 à 4 années"
"https://emploi.cnrs.fr/Offres/CDD/MOY1500-FRADJI1-051/Default.aspx";"MOY1500-FRADJI1-051";"Assistant Ingénieur(e) en gestion des données patrimoniales H/F";"TALENCE";"jeudi 19 novembre 2020";"CDD Technique/Administratif";12;"Temps complet";"entre 1930€ et 2061€ bruts mensuels selon expérience";"Bac+2";"1 à 4 années"
"https://emploi.cnrs.fr/Offres/CDD/UPR2940-FLOPOI-042/Default.aspx";"UPR2940-FLOPOI-042";"Post-doctorat: stresstronique avec des hétérostructures de van der Waals sous conditions extrêmes (H/F)";"GRENOBLE";"vendredi 20 novembre 2020";"CDD Scientifique";18;"Temps complet";"Salaire brut entre 2648 € et 3768 € selon expérience";"Doctorat";"Indifférent"
"https://emploi.cnrs.fr/Offres/CDD/UMR5290-IGNGON-007/Default.aspx";"UMR5290-IGNGON-007";"Chercheuse/eur postdoctorale/ en transcriptomique/protéomique fonctionnelle et évolutive (H/F)";"MONTPELLIER";"vendredi 20 novembre 2020";"CDD Scientifique";6;"Temps complet";"Selon expérience, à partir de 32000 € bruts annuelles";"Doctorat";"Indifférent"
"https://emploi.cnrs.fr/Offres/CDD/UMR9912-JEAAUC-003/Default.aspx";"UMR9912-JEAAUC-003";"Développeur web H/F pour un outil de visioconférence destiné à la recherche";"PARIS 04";"vendredi 20 novembre 2020";"CDD Technique/Administratif";12;"Temps complet";"entre 2510,74 euros et 3194,10 euros brut mensuel selon expérience";"Ingénieur";"Indifférent"
"https://emploi.cnrs.fr/Offres/CDD/UMR7504-DIEWEI-001/Default.aspx";"UMR7504-DIEWEI-001";"Postdoctorant-e en physique quantique mésoscopique H/F";"STRASBOURG";"vendredi 20 novembre 2020";"CDD Scientifique";24;"Temps complet";"à partir de 2675,28 euros brut mensuels selon expérience";"Doctorat";"Indifférent"
"https://emploi.cnrs.fr/Offres/CDD/MOY1648-SONVEL-002/Default.aspx";"MOY1648-SONVEL-002";"Gestionnaire financier et comptable au sein de la Direction de la sûreté (H/F)";"PARIS 16";"vendredi 20 novembre 2020";"CDD Technique/Administratif";12;"Temps incomplet";"De 994 à 1117 € bruts mensuels en fonction de l expérience";"Bac / Bac pro";"1 à 4 années"
"https://emploi.cnrs.fr/Offres/CDD/UPR22-HENMEY-001/Default.aspx";"UPR22-HENMEY-001";"Etude de la cristallisation de polymères par simulation moléculaire (H/F)";"STRASBOURG";"vendredi 20 novembre 2020";"CDD Scientifique";12;"Temps complet";"à partir de 2675,28 eur bruts mensuels selon experience";"Doctorat";"1 à 4 années"
"https://emploi.cnrs.fr/Offres/CDD/USR3683-QUEALA-004/Default.aspx";"USR3683-QUEALA-004";"Assistant administratif et financier (H/F)";"GIF SUR YVETTE";"vendredi 20 novembre 2020";"CDD Technique/Administratif";6;"Temps complet";"1970€ et 2400 € bruts mensuels selon expérience";"Bac+2";"Indifférent"
"https://emploi.cnrs.fr/Offres/CDD/UMR9002-ROSKIE-004/Default.aspx";"UMR9002-ROSKIE-004";"Ingénieur d études en biologie moléculaire H/F";"MONTPELLIER";"vendredi 20 novembre 2020";"CDD Technique/Administratif";6;"Temps complet";"1764€ à 2160 € selon expérience";"Bac+5";"Indifférent"
"https://emploi.cnrs.fr/Offres/CDD/UPR3212-JULQUI-008/Default.aspx";"UPR3212-JULQUI-008";"Post-Doc (H/F) - Oxytocin";"STRASBOURG";"vendredi 20 novembre 2020";"CDD Scientifique";24;"Temps complet";"à partir de 2 675,28€ brut mensuel selon expérience";"Doctorat";"Indifférent"
"https://emploi.cnrs.fr/Offres/CDD/UMR5274-MELCOL-009/Default.aspx";"UMR5274-MELCOL-009";"H/F Postdoc Méthodes innovantes d analyse des séries temporelles des courbes de lumière des jeunes étoiles.";"GRENOBLE";"vendredi 20 novembre 2020";"CDD Scientifique";24;"Temps complet";"2648 brut mensuel";"Doctorat";"Indifférent"
"https://emploi.cnrs.fr/Offres/CDD/UMR5274-MELCOL-008/Default.aspx";"UMR5274-MELCOL-008";"H/F  Postdoc: Exploration de la région d accrétion/éjection magnétosphérique de jeunes étoiles avec l interférométrie infrarouge à base longue";"GRENOBLE";"vendredi 20 novembre 2020";"CDD Scientifique";24;"Temps complet";"2648 brut mensuel";"Doctorat";"Indifférent"
"https://emploi.cnrs.fr/Offres/CDD/UMR9198-CHROUL1-039/Default.aspx";"UMR9198-CHROUL1-039";"CDD Technien en aménagement, maintenance et exploitation du bâti - H/F";"GIF SUR YVETTE";"vendredi 20 novembre 2020";"CDD Technique/Administratif";6;"Temps complet";"salaire brut mensuel de 1661€ à 1756€ selon expérience";"Bac / Bac pro";"1 à 4 années"
"https://emploi.cnrs.fr/Offres/CDD/UPR4301-MARPER-047/Default.aspx";"UPR4301-MARPER-047";"Ingénieur d Etudes en techniques biologiques (H/F)";"ORLEANS";"vendredi 20 novembre 2020";"CDD Technique/Administratif";17;"Temps complet";"2 088 € bruts mensuels";"Bac+4";"1 à 4 années"
"https://emploi.cnrs.fr/Offres/CDD/UPR4301-MARPER-048/Default.aspx";"UPR4301-MARPER-048";"Ingénieur d Etudes en techniques biologiques (H/F)";"ORLEANS";"vendredi 20 novembre 2020";"CDD Technique/Administratif";17;"Temps complet";"2 088 € bruts mensuels";"Bac+4";"1 à 4 années"
"https://emploi.cnrs.fr/Offres/CDD/UMR7592-DELDEL-002/Default.aspx";"UMR7592-DELDEL-002";"Offre contrat postdoctoral sur la morphogenèse épithéliale à l IJM, Paris, France (H/F)";"PARIS 13";"vendredi 20 novembre 2020";"CDD Scientifique";12;"Temps complet";"Entre 2728 et 3881 euros brut mensuels selon expérience.";"Bac+5";"1 à 4 années"
"https://emploi.cnrs.fr/Offres/CDD/UMR7592-ISALAD-026/Default.aspx";"UMR7592-ISALAD-026";"Chercheur-e post-doctorant-e (H/F) en biologie moléculaire/Génomique";"PARIS 13";"vendredi 20 novembre 2020";"CDD Scientifique";12;"Temps complet";"entre 2730 € et 3880 € bruts, selon l expérience";"Doctorat";"Indifférent"
"https://emploi.cnrs.fr/Offres/CDD/UMR8576-MARRAT-014/Default.aspx";"UMR8576-MARRAT-014";"Chercheur (H/F) en glycobiologie des cancers";"VILLENEUVE D ASCQ";"vendredi 20 novembre 2020";"CDD Scientifique";12;"Temps complet";"salaire brute mensuel 2675,27 €  < à 2 ans d expérience";"Bac+5";"Indifférent"
"https://emploi.cnrs.fr/Offres/CDD/MOY400-STERIG-123/Default.aspx";"MOY400-STERIG-123";"Assistant-e en gestion financière et comptable (H/F)";"GIF SUR YVETTE";"vendredi 20 novembre 2020";"CDD Technique/Administratif";12;"Temps complet";"Entre 1.988 et 2.348 € bruts mensuels selon expérience";"Bac+2";"Indifférent"
"https://emploi.cnrs.fr/Offres/CDD/UMR5239-ISASER-011/Default.aspx";"UMR5239-ISASER-011";"Technicien(ne) de laboratoire (H/F)";"LYON 07";"vendredi 20 novembre 2020";"CDD Technique/Administratif";12;"Temps complet";"entre 1 660 et 1 760 bruts menseuls selon expérience";"Bac+2";"Indifférent"
"https://emploi.cnrs.fr/Offres/CDD/UMR5258-JEAGIM-014/Default.aspx";"UMR5258-JEAGIM-014";"Chercheur (H/F) en physico-chimie de la matière molle";"PESSAC";"vendredi 20 novembre 2020";"CDD Scientifique";24;"Temps complet";"entre 2648 € et 3768 € bruts mensuels selon expérience";"Doctorat";"Indifférent"
"https://emploi.cnrs.fr/Offres/CDD/UMR7638-RAPGRA-002/Default.aspx";"UMR7638-RAPGRA-002";"Postdoc (H/F) pour étudier le plasma de quarks et de gluons avec CMS (et au-delà)";"PALAISEAU";"vendredi 20 novembre 2020";"CDD Scientifique";10;"Temps complet";"Entre 2695 et 3107 euros bruts.";"Doctorat";"1 à 4 années"
"https://emploi.cnrs.fr/Offres/CDD/UMR9197-ALIGIN-018/Default.aspx";"UMR9197-ALIGIN-018";"Chercheur postdoctorant (H/F)";"GIF SUR YVETTE";"vendredi 20 novembre 2020";"CDD Scientifique";20;"Temps complet";"3 920 - 5 580 Eur bruts mensuels selon expérience";"Doctorat";"Indifférent"
"https://emploi.cnrs.fr/Offres/CDD/UMR8183-MATDAR-001/Default.aspx";"UMR8183-MATDAR-001";"Post-doc Criminalisation migration H/F";"GUYANCOURT";"vendredi 20 novembre 2020";"CDD Scientifique";33;"Temps complet";"•	Rémunération selon expérience sur la base indiciaire chercheur•e post-doctorant•e du CNRS";"Doctorat";"1 à 4 années"
"https://emploi.cnrs.fr/Offres/CDD/UMR9197-ALIGIN-017/Default.aspx";"UMR9197-ALIGIN-017";"Chercheur postdoctorant (H/F)";"GIF SUR YVETTE";"vendredi 20 novembre 2020";"CDD Scientifique";24;"Temps complet";"3 920 - 5 580 Eur bruts mensuels selon expérience";"Doctorat";"Indifférent"
"https://emploi.cnrs.fr/Offres/CDD/MOY1300-MICAUT-001/Default.aspx";"MOY1300-MICAUT-001";"H/F ASSISTANT(E) EN GESTION ADMINISTRATIVE";"MONTPELLIER";"vendredi 20 novembre 2020";"CDD Technique/Administratif";12;"Temps complet";"1950 € brut mensuel";"Bac+2";"Indifférent"
"https://emploi.cnrs.fr/Offres/CDD/MOY1300-CHRMOR-001/Default.aspx";"MOY1300-CHRMOR-001";"H/F Administrateur Systèmes et Réseau pour Webcontrat";"MONTPELLIER";"vendredi 20 novembre 2020";"CDD Technique/Administratif";12;"Temps complet";"Environ 2100 euros bruts mensuel";"Bac+3";"Indifférent"
"https://emploi.cnrs.fr/Offres/CDD/UMR7294-SYLJOV-004/Default.aspx";"UMR7294-SYLJOV-004";"Océanographe spécialiste des transferts de contaminants dans le réseau trophique H/F";"MARSEILLE 09";"vendredi 20 novembre 2020";"CDD Scientifique";25;"Temps complet";"Entre 3 881,29 € et 4 056,74 € bruts mensuels";"Doctorat";"5 à 10 années"
"https://emploi.cnrs.fr/Offres/CDD/UMR7314-ANNCHA-002/Default.aspx";"UMR7314-ANNCHA-002";"CDD Chercheur H/F en Modélisation Physique/Intelligence Artificielle - Formation des interfaces solide/électrolyte dans les batteries Li-ion";"AMIENS";"vendredi 20 novembre 2020";"CDD Scientifique";12;"Temps complet";"2 648,79€";"Bac+5";"1 à 4 années"
"https://emploi.cnrs.fr/Offres/CDD/UPR3346-NADMAA-033/Default.aspx";"UPR3346-NADMAA-033";"CHERCHEUR/POST-DOC (H/F) DÉVELOPPEMENT DE MODÈLES NUMÉRIQUES EXPERIMENTALEMENT INFORMÉS";"FUTUROSCOPE";"vendredi 20 novembre 2020";"CDD Scientifique";12;"Temps complet";"Entre 2688 € à 3768 € bruts mensuels selon expérience";"Doctorat";"1 à 4 années"
"https://emploi.cnrs.fr/Offres/CDD/UMR8197-NATBOI-052/Default.aspx";"UMR8197-NATBOI-052";"Ingénieur d étude Intégration des données multi-omiques cellules uniques (H/F)";"PARIS 05";"vendredi 20 novembre 2020";"CDD Technique/Administratif";12;"Temps complet";"Salaire brut mensuel compris entre 2150 et 2422 euros selon expérience";"Ingénieur";"1 à 4 années"
"https://emploi.cnrs.fr/Offres/CDD/UMR7248-FRATRU-012/Default.aspx";"UMR7248-FRATRU-012";"H/F Ingénieur d études en électronique";"SOPHIA ANTIPOLIS";"vendredi 20 novembre 2020";"CDD Technique/Administratif";12;"Temps complet";"2206-2351";"Bac+5";"1 à 4 années"
"https://emploi.cnrs.fr/Offres/CDD/UMR7271-FREFON-005/Default.aspx";"UMR7271-FREFON-005";"Chercheur en Web sémantique (H/F)";"SOPHIA ANTIPOLIS";"vendredi 20 novembre 2020";"CDD Scientifique";24;"Temps complet";"selon expérience professionnelle, de 2675 (<2 ans) à 3805 (entre 2 et 7 ans) euros bruts mensuels.";"Doctorat";"1 à 4 années"
"https://emploi.cnrs.fr/Offres/CDD/UMR5502-THIPOI-008/Default.aspx";"UMR5502-THIPOI-008";"Ingénieur de recherche. Conception de chambres de combustion hydrogene (H/F)";"TOULOUSE";"samedi 21 novembre 2020";"CDD Technique/Administratif";12;"Temps complet";"entre 2437 et 2616€ bruts mensuels selon expérience";"Doctorat";"1 à 4 années"
"https://emploi.cnrs.fr/Offres/CDD/UMR5229-JAMBON-002/Default.aspx";"UMR5229-JAMBON-002";"Post-doctorat sur le rôle fonctionnel de l activité bêta dans le comportement moteur (H/F)";"BRON";"lundi 23 novembre 2020";"CDD Scientifique";24;"Temps complet";"entre 2 675 et 3 084 € bruts mensuels selon expérience";"Doctorat";"Indifférent"
"https://emploi.cnrs.fr/Offres/CDD/UMR5239-DIDAUB0-001/Default.aspx";"UMR5239-DIDAUB0-001";"Ingénieur-e en biologie expérimentale H/F";"LYON 07";"lundi 23 novembre 2020";"CDD Technique/Administratif";12;"Temps complet";"entre 2109 et 2228€  brut mensuel selon expèrience";"Bac+5";"Indifférent"
"https://emploi.cnrs.fr/Offres/CDD/UMR7249-HERRIG-004/Default.aspx";"UMR7249-HERRIG-004";"Ingénieur en instrumentation optique (H/F)";"MARSEILLE 13";"lundi 23 novembre 2020";"CDD Technique/Administratif";12;"Temps complet";"2511€ - 2695€";"Doctorat";"Indifférent"
"https://emploi.cnrs.fr/Offres/CDD/UMR8612-NICHUA-001/Default.aspx";"UMR8612-NICHUA-001";"Ingénieur d études H/F physico-chimie et formulation";"CHATENAY MALABRY";"lundi 23 novembre 2020";"CDD Technique/Administratif";18;"Temps complet";"2150 € bruts mensuels";"Bac+5";"Indifférent"
"https://emploi.cnrs.fr/Offres/CDD/MOY1000-EMMSTR-069/Default.aspx";"MOY1000-EMMSTR-069";"Chargé-e de la gestion des ressources humaines H/F";"STRASBOURG";"lundi 23 novembre 2020";"CDD Technique/Administratif";11;"Temps complet";"Entre 2109,55 et 2375,03 euros brut mensuels, selon expérience";"Bac+3";"5 à 10 années"
"https://emploi.cnrs.fr/Offres/CDD/UMR6118-PHIDAV-006/Default.aspx";"UMR6118-PHIDAV-006";"Ingénieur de recherche en développement C++/Python H/F";"RENNES";"lundi 23 novembre 2020";"CDD Technique/Administratif";18;"Temps complet";"de 2437 à 2979€ brut mensuel selon expérience";"Doctorat";"Indifférent"
"https://emploi.cnrs.fr/Offres/CDD/UMR7025-KARHAU0-003/Default.aspx";"UMR7025-KARHAU0-003";"Chercheur post-doc (H/F) en nanobiotechnologies, matériaux biomimétiques  et biocapteurs";"COMPIEGNE";"lundi 23 novembre 2020";"CDD Scientifique";24;"Temps complet";"2700 € brut mensuels";"Doctorat";"1 à 4 années"
"https://emploi.cnrs.fr/Offres/CDD/USR3505-CAMLIB-019/Default.aspx";"USR3505-CAMLIB-019";"Ingénieur de Recherche en design et implémentation de systèmes optiques d imagerie (F/H) (H/F)";"TOULOUSE";"lundi 23 novembre 2020";"CDD Technique/Administratif";12;"Temps complet";"entre 2437 et 2616 euros bruts mensuels selon expérience";"Supérieur à bac+5";"1 à 4 années"
"https://emploi.cnrs.fr/Offres/CDD/UMR5574-BENCOM-003/Default.aspx";"UMR5574-BENCOM-003";"Simulations numériques : formation des étoiles et des planètes (H/F)";"LYON 07";"lundi 23 novembre 2020";"CDD Scientifique";24;"Temps complet";"entre 2643 et 3047€ brut mensuel selon expérience";"Doctorat";"Indifférent"
"https://emploi.cnrs.fr/Offres/CDD/UMS3601-VALSAI-022/Default.aspx";"UMS3601-VALSAI-022";"Officier de liaison communautés et suivi projets H/F";"EVRY COURCOURONNES";"lundi 23 novembre 2020";"CDD Technique/Administratif";12;"Temps complet";"entre 2459,18 à 2871,73€ bruts mensuels selon expérience";"Bac+5";"Indifférent"
"https://emploi.cnrs.fr/Offres/CDD/UMR5274-FRAORT-001/Default.aspx";"UMR5274-FRAORT-001";"Assistante ingénieure ou assistant ingénieur en mesures physiques et préparation d échantillons pour la cosmochimie organique (H/F).";"GRENOBLE";"lundi 23 novembre 2020";"CDD Technique/Administratif";12;"Temps complet";"entre 1930 et 2061 € bruts mensuels";"Bac+2";"1 à 4 années"
"https://emploi.cnrs.fr/Offres/CDD/UMR5669-LAUSAV-004/Default.aspx";"UMR5669-LAUSAV-004";"Post-doctorant(e) Grandes déviations et Grandes matrices aléatoires (H/F)";"LYON 07";"lundi 23 novembre 2020";"CDD Scientifique";24;"Temps complet";"2675 à 3805€ brut mensuel";"Doctorat";"1 à 4 années"
"https://emploi.cnrs.fr/Offres/CDD/UMR8523-WALKOL-011/Default.aspx";"UMR8523-WALKOL-011";"Chercheur contractuel en physique mathématique (H/F)";"VILLENEUVE D ASCQ";"lundi 23 novembre 2020";"CDD Scientifique";6;"Temps complet";"entre 2675 et 3805 € brut mensuels selon expérience";"Doctorat";"Indifférent"
"https://emploi.cnrs.fr/Offres/CDD/UPS76-OLIDAS-019/Default.aspx";"UPS76-OLIDAS-019";"Ingénieur(e) en analyse de données et fouille de textes(H/F)";"VANDOEUVRE LES NANCY";"lundi 23 novembre 2020";"CDD Technique/Administratif";12;"Temps complet";"Entre 2461 et 3132 € bruts mensuels selon expérience";"Bac+5";"Indifférent"
"https://emploi.cnrs.fr/Offres/CDD/UMR5554-ABDAOU-001/Default.aspx";"UMR5554-ABDAOU-001";"Ingénieur/e de recherche H/F en techniques de criblage par imagerie quantitative";"MONTPELLIER";"lundi 23 novembre 2020";"CDD Technique/Administratif";18;"Temps complet";"Environ 2400-2900€ bruts mensuels selon expérience";"Bac+5";"Indifférent"
"https://emploi.cnrs.fr/Offres/CDD/UMR7592-NICMIN-003/Default.aspx";"UMR7592-NICMIN-003";"Ingénieur en biologie (H/F)";"PARIS 13";"lundi 23 novembre 2020";"CDD Technique/Administratif";18;"Temps complet";"2151 et 3068 euros bruts mensuel";"Bac+3";"Indifférent"
"https://emploi.cnrs.fr/Offres/CDD/UMR5525-ELSGEN-018/Default.aspx";"UMR5525-ELSGEN-018";"Doctorant (H/F) en biologie computationnelle";"LA TRONCHE";"lundi 23 novembre 2020";"CDD Scientifique";36;"Temps complet";"2135€ bruts mensuels";"Bac+5";"Indifférent"
"https://emploi.cnrs.fr/Offres/CDD/MOY2000-LAUSCH1-021/Default.aspx";"MOY2000-LAUSCH1-021";"Acheteur Public H/F";"SOPHIA ANTIPOLIS";"lundi 23 novembre 2020";"CDD Technique/Administratif";6;"Temps complet";"entre 2109 et 2694 euros bruts mensuels selon expérience professionnelle";"Bac+3";"Indifférent"
"https://emploi.cnrs.fr/Offres/CDD/FR636-EVEMAG-035/Default.aspx";"FR636-EVEMAG-035";"Ingénieur (H/F) en calcul scientifique/HPC dans le milieu de la recherche en modélisation du climat - vers des configurations du système climatique à très haute résolution";"GUYANCOURT";"mardi 24 novembre 2020";"CDD Technique/Administratif";24;"Temps complet";"de 2510 à 3068 € brut selon expérience";"Ingénieur";"Indifférent"
"https://emploi.cnrs.fr/Offres/CDD/UMR8212-JEADUT-001/Default.aspx";"UMR8212-JEADUT-001";"Modelisateur H/F des evénements sapropèles en mer mediterranée avec un modèle régional haute résolution";"GIF SUR YVETTE";"mardi 24 novembre 2020";"CDD Scientifique";22;"Temps complet";"grille CNRS";"Bac+5";"1 à 4 années"
"https://emploi.cnrs.fr/Offres/CDD/UMR9012-REJBOD-022/Default.aspx";"UMR9012-REJBOD-022";"Développeur de système d acquisition de données junior H/F";"ORSAY";"mardi 24 novembre 2020";"CDD Technique/Administratif";12;"Temps complet";"Entre 2151€ et 2422€ brut mensuel selon expérience";"Bac+3";"Indifférent"
"https://emploi.cnrs.fr/Offres/CDD/UMR5277-EMIDUP-084/Default.aspx";"UMR5277-EMIDUP-084";"(H/F) Support scientifique au Centre Instrument de la caméra SVOM/ECLAIRs";"TOULOUSE";"mardi 24 novembre 2020";"CDD Scientifique";12;"Temps complet";"3770 € bruts par mois";"Doctorat";"1 à 4 années"
"https://emploi.cnrs.fr/Offres/CDD/UMR6164-MAUETT-005/Default.aspx";"UMR6164-MAUETT-005";"CDD CH Etude d antennes à dépointage de faisceau en bande Ka (H/F)";"RENNES";"mardi 24 novembre 2020";"CDD Scientifique";6;"Temps complet";"Salaire brut mensuel 2648€ à 3054€ selon expérience";"Doctorat";"1 à 4 années"
"https://emploi.cnrs.fr/Offres/CDD/UMR8586-MARMAG-025/Default.aspx";"UMR8586-MARMAG-025";"Assistant de valorisation de la recherche et de communication H/F";"AUBERVILLIERS";"mardi 24 novembre 2020";"CDD Technique/Administratif";6;"Temps complet";"entre 1970 euros et 2411 euros bruts mensuels selon l expérience";"Bac+2";"1 à 4 années"
"https://emploi.cnrs.fr/Offres/CDD/UMR7218-CHAROS-006/Default.aspx";"UMR7218-CHAROS-006";"Ingénieur de recherche(H/F) Recherche action France-Brésil en co-production sociale de la ville";"ST DENIS";"mardi 24 novembre 2020";"CDD Technique/Administratif";18;"Temps complet";"entre 2511 et 2695 € bruts mensuels selon expérience";"Doctorat";"1 à 4 années"
"https://emploi.cnrs.fr/Offres/CDD/UMR5254-SOPPUY-012/Default.aspx";"UMR5254-SOPPUY-012";"Assistant-ingénieur en biologie moléculaire H/F";"PAU";"mardi 24 novembre 2020";"CDD Technique/Administratif";18;"Temps complet";"1 930 à 2 061€ bruts mensuels selon expérience";"Bac+2";"1 à 4 années"
"https://emploi.cnrs.fr/Offres/CDD/MOY600-MATCLA0-008/Default.aspx";"MOY600-MATCLA0-008";"Secrétaire médicale H/F";"VANDOEUVRE LES NANCY";"mardi 24 novembre 2020";"CDD Technique/Administratif";12;"Temps incomplet";"entre 800 et 875 € bruts mensuels selon expérience";"Bac / Bac pro";"Indifférent"
"https://emploi.cnrs.fr/Offres/CDD/UMR8501-MARCHE-001/Default.aspx";"UMR8501-MARCHE-001";"Postdoc H/F Caractérisation d un microscope pour gaz quantiques (H/F)";"PALAISEAU";"mercredi 25 novembre 2020";"CDD Scientifique";8;"Temps complet";"entre 2600 et 2800 euros bruts mensuels";"Doctorat";"1 à 4 années"
"https://emploi.cnrs.fr/Offres/CDD/UMR6502-THODEV-003/Default.aspx";"UMR6502-THODEV-003";"Contrat postdoc (H/F) en chimie : MOFs à base de ligands soufrés";"NANTES";"mercredi 25 novembre 2020";"CDD Scientifique";24;"Temps complet";"2675 euros brut";"Doctorat";"Indifférent"
"https://emploi.cnrs.fr/Offres/CDD/UMS2877-JERRIE1-009/Default.aspx";"UMS2877-JERRIE1-009";"Ingénieur(e) en ingénierie logicielle pour le traitement de données d observation de l atmosphère  (H/F)";"VILLENEUVE D ASCQ";"mercredi 25 novembre 2020";"CDD Technique/Administratif";12;"Temps complet";"Rémunération entre 2000 et 2500 euros bruts mensuels selon qualification et expérience. Par exmple pour un IE avec - < 3 ans d expérience, à partir de 2109,55€ brut mensuel,  - 3 à 5 ans, d expérience : 2228,15€ mensuel.";"Bac+5";"1 à 4 années"
"https://emploi.cnrs.fr/Offres/CDD/UMR5266-CATBON-001/Default.aspx";"UMR5266-CATBON-001";"Technicien d exploitation pour la gestion d un parc informatique (H/F)";"ST MARTIN D HERES";"mercredi 25 novembre 2020";"CDD Technique/Administratif";12;"Temps complet";"entre 1614€ et 1705€ (selon expérience)";"Bac / Bac pro";"Indifférent"
"https://emploi.cnrs.fr/Offres/CDD/USR3394-CARBOR-001/Default.aspx";"USR3394-CARBOR-001";"RESPONSABLE SI  -  PLATEFORME D EXPERIMENTATIONS ET D ENQUÊTES DANS LE DOMAINE DE LA COGNITION ET DU COMPORTEMENT HUMAIN H/F";"GRENOBLE";"mercredi 25 novembre 2020";"CDD Technique/Administratif";8;"Temps complet";"2088 à 2206 euros bruts mensuel selon expérience";"Bac+5";"1 à 4 années"
"https://emploi.cnrs.fr/Offres/CDD/UMR9002-MARSIM-002/Default.aspx";"UMR9002-MARSIM-002";"Contrat postdoctoral (H/F): Régulation des ARNm/modèle drosophile";"MONTPELLIER";"mercredi 25 novembre 2020";"CDD Scientifique";12;"Temps complet";"entre 2650 euros et 2850 euros bruts par mois selon expérience";"Doctorat";"1 à 4 années"
"https://emploi.cnrs.fr/Offres/CDD/UPR8001-ISASEG-002/Default.aspx";"UPR8001-ISASEG-002";"H/F post-doctorat détermination des charges dans des n-acènes à partir de composants type OFET et Van der Paw";"TOULOUSE";"mercredi 25 novembre 2020";"CDD Scientifique";12;"Temps complet";"Entre 2648 et 3054€ bruts mensuel selon expérience";"Doctorat";"1 à 4 années"
"https://emploi.cnrs.fr/Offres/CDD/UPR2940-ELOBER-034/Default.aspx";"UPR2940-ELOBER-034";"Post-doc. Etude expérimentale de matériaux métallo-organiques multiferroïques, frustrés, et/ou chiraux par mesures macroscopiques et diffusion neutronique (H/F)";"GRENOBLE";"mercredi 25 novembre 2020";"CDD Scientifique";12;"Temps complet";"Entre 2648,79 € et 3054,06 € brut selon expérience";"Doctorat";"1 à 4 années"
"https://emploi.cnrs.fr/Offres/CDD/UMR6230-SEBGOU-001/Default.aspx";"UMR6230-SEBGOU-001";"Chercheur H/F en chimie organique (3 mois)";"NANTES";"mercredi 25 novembre 2020";"CDD Scientifique";3;"Temps complet";"entre 2675 et 3084 euros bruts mensuels";"Doctorat";"1 à 4 années"
"https://emploi.cnrs.fr/Offres/CDD/UMR8197-NATBOI-053/Default.aspx";"UMR8197-NATBOI-053";"Chercheur H/F - Microglies dans le développement cérébral";"PARIS 05";"mercredi 25 novembre 2020";"CDD Scientifique";24;"Temps complet";"Entre 2800 € et 3800 € bruts mensuels selon expérience";"Doctorat";"Indifférent"
"https://emploi.cnrs.fr/Offres/CDD/UMR5138-CECBAT-008/Default.aspx";"UMR5138-CECBAT-008";"Post-doct : archéologie terrestre et subaquatique en Gaule romaine (Savoies) (H/F)";"LYON 07";"mercredi 25 novembre 2020";"CDD Scientifique";6;"Temps complet";"entre 2600 et 2700 euros bruts";"Doctorat";"Indifférent"
"https://emploi.cnrs.fr/Offres/CDD/UMR6226-GABLOG-003/Default.aspx";"UMR6226-GABLOG-003";"Chercheur(euse) en électrochimie (H/F)";"RENNES";"mercredi 25 novembre 2020";"CDD Scientifique";18;"Temps complet";"entre 2600 et 3730 € bruts mensuels";"Doctorat";"1 à 4 années"
"https://emploi.cnrs.fr/Offres/CDD/MOY1700-CATTAN-052/Default.aspx";"MOY1700-CATTAN-052";"Ingénieur-e d affaires (H/F)";"RENNES";"mercredi 25 novembre 2020";"CDD Technique/Administratif";12;"Temps complet";"2 437€ à 2 979€ bruts mensuels, selon expérience";"Doctorat";"Indifférent"
"https://emploi.cnrs.fr/Offres/CDD/UMR9004-CORBEZ0-005/Default.aspx";"UMR9004-CORBEZ0-005";"Gestionnaire dans le domaine de la gestion financière et comptable (H/F)";"MONTPELLIER";"mercredi 25 novembre 2020";"CDD Technique/Administratif";5;"Temps complet";"environ 1630 € bruts mensuels";"Bac / Bac pro";"Indifférent"
"https://emploi.cnrs.fr/Offres/CDD/MOY700-SANBUS-037/Default.aspx";"MOY700-SANBUS-037";"Assistant gestionnaire en laboratoire (H/F) - Poste réservé aux bénéficiaires de l obligation d emploi";"VILLEURBANNE";"mercredi 25 novembre 2020";"CDD Technique/Administratif";12;"Temps complet";"2000 € brut mensuel (grilles indiciaires fonction publique)";"Bac+2";"Indifférent"
"https://emploi.cnrs.fr/Offres/CDD/UPR2940-ELOBER-035/Default.aspx";"UPR2940-ELOBER-035";"Postdoc: Développement d une nouvelle méthodologie de nanoimagerie X hyperspectrale 3D pour la caractérisation de catalyseurs techniques (H/F)";"GRENOBLE";"mercredi 25 novembre 2020";"CDD Scientifique";18;"Temps complet";"Entre 2648,79 € et 3054,06 € brut selon expérience";"Doctorat";"Indifférent"
"https://emploi.cnrs.fr/Offres/CDD/UMR5220-SANVIG-005/Default.aspx";"UMR5220-SANVIG-005";"H/F GESTIONNAIRE";"VILLEURBANNE";"mercredi 25 novembre 2020";"CDD Technique/Administratif";5;"Temps complet";"1573 E brut environ";"Bac / Bac pro";"Indifférent"
"https://emploi.cnrs.fr/Offres/CDD/UMR5822-FLOJAC-026/Default.aspx";"UMR5822-FLOJAC-026";"CDD Assistant ingénieur en « techniques expérimentales » (H/F)";"VILLEURBANNE";"mercredi 25 novembre 2020";"CDD Technique/Administratif";12;"Temps complet";"1 950 euros bruts mensuels";"Bac+2";"Indifférent"
"https://emploi.cnrs.fr/Offres/CDD/MOY1678-JESMAL-001/Default.aspx";"MOY1678-JESMAL-001";"Assistant ingénieur support utilisateurs H/F";"LABEGE";"jeudi 26 novembre 2020";"CDD Technique/Administratif";12;"Temps complet";"entre 1930 et 2170€ brut mensuel selon expérience";"Bac+2";"Indifférent"
"https://emploi.cnrs.fr/Offres/CDD/UMR7504-CATBON-025/Default.aspx";"UMR7504-CATBON-025";"Post Doc (H/F) - Elaboration de nanoparticules d oxyde de fer dendronisées conçues pour assurer une thérapie ciblée guidée par une imagerie multimodale";"STRASBOURG";"jeudi 26 novembre 2020";"CDD Scientifique";12;"Temps complet";"A partir de 2675.27 € bruts mensuels selon expérience";"Doctorat";"Indifférent"
"https://emploi.cnrs.fr/Offres/CDD/UMR7644-ALASUB-002/Default.aspx";"UMR7644-ALASUB-002";"Poste postdoctoral pour la recherche en contrôle de la lumière des matériaux (H/F)";"PALAISEAU";"jeudi 26 novembre 2020";"CDD Scientifique";24;"Temps complet";"entre 2600 and 3000  euros bruts par mois";"Doctorat";"Indifférent"
"https://emploi.cnrs.fr/Offres/CDD/UMR8212-ISAPEN-002/Default.aspx";"UMR8212-ISAPEN-002";"Chargé.e de mission ICOS (H/F)";"GIF SUR YVETTE";"jeudi 26 novembre 2020";"CDD Technique/Administratif";36;"Temps complet";"selon diplôme et expérience";"Bac+5";"1 à 4 années"
"https://emploi.cnrs.fr/Offres/CDD/UMR8578-TIBMIN0-015/Default.aspx";"UMR8578-TIBMIN0-015";"AI - Assistent Ingénieur en études mécaniques et conception 3D H/F";"ORSAY";"jeudi 26 novembre 2020";"CDD Technique/Administratif";12;"Temps complet";"1988 et 2348 Euro brut/mois";"Bac+3";"Indifférent"
"https://emploi.cnrs.fr/Offres/CDD/UMR137-JULGRO0-007/Default.aspx";"UMR137-JULGRO0-007";"Post-doc (H/F) : Calcul neuromorphique quantique avec des circuits supraconducteurs";"PALAISEAU";"jeudi 26 novembre 2020";"CDD Scientifique";12;"Temps complet";"~2000€";"Bac+5";"Indifférent"
"https://emploi.cnrs.fr/Offres/CDD/UMR9213-EMISEG0-012/Default.aspx";"UMR9213-EMISEG0-012";"Ingénieur-e de recherche en expérimentation et production végétales H/F";"GIF SUR YVETTE";"jeudi 26 novembre 2020";"CDD Technique/Administratif";6;"Temps complet";"Environ 2510€ bruts";"Doctorat";"Indifférent"
"https://emploi.cnrs.fr/Offres/CDD/UMR9213-EMISEG0-011/Default.aspx";"UMR9213-EMISEG0-011";"Ingénieur-e en expérimentation et production végétales H/F";"GIF SUR YVETTE";"jeudi 26 novembre 2020";"CDD Technique/Administratif";6;"Temps complet";"Environ2150€ bruts";"Bac+5";"Indifférent"
"https://emploi.cnrs.fr/Offres/CDD/UMR8578-TIBMIN0-016/Default.aspx";"UMR8578-TIBMIN0-016";"IR - Atomisation plasma de poudre pour fabrication additive H/F";"ORSAY";"jeudi 26 novembre 2020";"CDD Technique/Administratif";9;"Temps complet";"entre 2510 et 2694 euro brut mensuel, selon expérience";"Bac+5";"Indifférent"
"https://emploi.cnrs.fr/Offres/CDD/MOY700-SANBUS-038/Default.aspx";"MOY700-SANBUS-038";"Référent national du marché missions / Chargé du pilotage de l assistance laboratoires (H/F)";"VILLEURBANNE";"jeudi 26 novembre 2020";"CDD Technique/Administratif";12;"Temps complet";"2109 à 2228€ brut mensuel selon expérience";"Bac+3";"1 à 4 années"
"https://emploi.cnrs.fr/Offres/CDD/UMR5557-BEABIG-010/Default.aspx";"UMR5557-BEABIG-010";"H/F Poste d Ingénieur.e d Etudes en écologie microbienne des sols résistants aux maladies : interactions microbiote-pathogène-plante";"VILLEURBANNE";"jeudi 26 novembre 2020";"CDD Technique/Administratif";12;"Temps complet";"2109 à 2228€ brut mensuel en fonction de l expérience";"Bac+5";"Indifférent"
"https://emploi.cnrs.fr/Offres/CDD/UMR9020-FABLEJ-002/Default.aspx";"UMR9020-FABLEJ-002";"H/F Technicien(ne) en biologie moléculaire et cellulaire";"LILLE";"jeudi 26 novembre 2020";"CDD Technique/Administratif";12;"Temps complet";"1 630-1 720 euros bruts mensuels selon expérience";"Bac+2";"1 à 4 années"
"https://emploi.cnrs.fr/Offres/CDD/UMR5229-ANNBUS-003/Default.aspx";"UMR5229-ANNBUS-003";"Chercheur postdoctoral  (H/F) Base moléculaire du comportement social";"BRON";"jeudi 26 novembre 2020";"CDD Scientifique";12;"Temps complet";"entre 2675 et 3805 € bruts mensuels selon expérience";"Doctorat";"Indifférent"
"https://emploi.cnrs.fr/Offres/CDD/MOY400-NATSEN-060/Default.aspx";"MOY400-NATSEN-060";"Assistant des Ressources Humaines H/F";"GIF SUR YVETTE";"jeudi 26 novembre 2020";"CDD Technique/Administratif";12;"Temps complet";"entre 1988€ et 2348€ bruts mensuel selon expérience";"Bac+2";"Indifférent"
"https://emploi.cnrs.fr/Offres/CDD/UMR7345-ERIROS-018/Default.aspx";"UMR7345-ERIROS-018";"Physicien (H/F) - spécialiste modélisation en physique atomique et moléculaire";"MARSEILLE 13";"jeudi 26 novembre 2020";"CDD Scientifique";12;"Temps complet";"Entre 2728,26 € et 3881,29 €  bruts mensuel selon experience";"Doctorat";"1 à 4 années"
"https://emploi.cnrs.fr/Offres/CDD/UMR5305-CLAMON-002/Default.aspx";"UMR5305-CLAMON-002";"Technicien(ne) H/F en expérimentation animale";"LYON 07";"jeudi 26 novembre 2020";"CDD Technique/Administratif";12;"Temps complet";"entre 1600 et 1800 bruts mensuels selon expérience";"Bac / Bac pro";"1 à 4 années"
"https://emploi.cnrs.fr/Offres/CDD/MOY400-NATSEN-059/Default.aspx";"MOY400-NATSEN-059";"Assistant des Ressources Humaines H/F";"GIF SUR YVETTE";"jeudi 26 novembre 2020";"CDD Technique/Administratif";12;"Temps complet";"entre 1988€ et 2348€ bruts mensuel selon expérience";"Bac+2";"Indifférent"
"https://emploi.cnrs.fr/Offres/CDD/UPR9002-MICRYC-004/Default.aspx";"UPR9002-MICRYC-004";"Ingénieur(e) (H/F) de recherche en microfluidique en gouttelettes et analyses de données à haut-débit";"STRASBOURG";"jeudi 26 novembre 2020";"CDD Technique/Administratif";24;"Temps complet";"à partir de 2461,99 euros but mensuels selon expérience";"Doctorat";"5 à 10 années"
"https://emploi.cnrs.fr/Offres/CDD/MOY400-NATSEN-061/Default.aspx";"MOY400-NATSEN-061";"Assistant des Ressources Humaines H/F";"GIF SUR YVETTE";"jeudi 26 novembre 2020";"CDD Technique/Administratif";6;"Temps complet";"entre 1988€ et 2348€ bruts mensuel selon expérience";"Bac+2";"Indifférent"
"https://emploi.cnrs.fr/Offres/CDD/UMR7588-EMMLHU-006/Default.aspx";"UMR7588-EMMLHU-006";"H/F postdoctorant : Transport électronique dans des hétérostructures de Van der Waals couplées à des nanocristaux et leur application à la détection infrarouge";"PARIS 05";"vendredi 27 novembre 2020";"CDD Scientifique";12;"Temps complet";"Entre 2500 et 3500 Euros bruts mensuels selon expérience";"Doctorat";"Indifférent"
"https://emploi.cnrs.fr/Offres/CDD/UMR7592-ISALAD-027/Default.aspx";"UMR7592-ISALAD-027";"Ingénieur en bioinformatique – analyse de données trancriptomiques (H/F)";"PARIS 13";"vendredi 27 novembre 2020";"CDD Technique/Administratif";22;"Temps complet";"entre 2 151 et 2 422 € bruts mensuels selon expérience";"Bac+5";"1 à 4 années"
"https://emploi.cnrs.fr/Offres/CDD/UMR5253-NICLOU-003/Default.aspx";"UMR5253-NICLOU-003";"Assistant ingénieur(e) projet GANDALF H/F";"MONTPELLIER";"vendredi 27 novembre 2020";"CDD Technique/Administratif";12;"Temps complet";"entre 1913 et 2031€ bruts mensuels selon expérience";"Bac+3";"1 à 4 années"
"https://emploi.cnrs.fr/Offres/CDD/UPR8011-ERIDUJ-001/Default.aspx";"UPR8011-ERIDUJ-001";"Contrat Post-Doctoral (H/F) - Chimie de surface induite localement par génération plasmonique d électrons chauds.";"TOULOUSE";"vendredi 27 novembre 2020";"CDD Scientifique";12;"Temps complet";"Entre 2648 et 3054€ bruts mensuels selon expérience";"Doctorat";"Indifférent"
"https://emploi.cnrs.fr/Offres/CDD/UMR5525-ELSGEN-019/Default.aspx";"UMR5525-ELSGEN-019";"Post-doctorant-e en spectométrie de masse H/F";"LA TRONCHE";"vendredi 27 novembre 2020";"CDD Scientifique";6;"Temps complet";"2648 euros bruts mensuels";"Doctorat";"1 à 4 années"
"https://emploi.cnrs.fr/Offres/CDD/UMR5256-DAVFAR-006/Default.aspx";"UMR5256-DAVFAR-006";"H/F Ingénieur-e en techniques expérimentales";"VILLEURBANNE";"vendredi 27 novembre 2020";"CDD Technique/Administratif";12;"Temps complet";"entre 2109 et 2228€ brut mensuel selon expérience";"Supérieur à bac+5";"1 à 4 années"
"https://emploi.cnrs.fr/Offres/CDD/UMR8003-GILDEW0-002/Default.aspx";"UMR8003-GILDEW0-002";"Développement d une technique de préparation d échantillons, pour l imagerie de tissus épais d origine animale ou végétale H/F";"PARIS 06";"vendredi 27 novembre 2020";"CDD Technique/Administratif";6;"Temps complet";"2151€ bruts";"Bac+5";"Indifférent"
"https://emploi.cnrs.fr/Offres/CDD/UMR6303-VINVIG-002/Default.aspx";"UMR6303-VINVIG-002";"Ingénieur d étude en Corrosion en milieux aqueux (H/F)";"DIJON";"vendredi 27 novembre 2020";"CDD Technique/Administratif";12;"Temps complet";"1600 - 2000 euros";"Bac+3";"5 à 10 années"
"https://emploi.cnrs.fr/Offres/CDD/UMR5596-MARALL-001/Default.aspx";"UMR5596-MARALL-001";"Post-doctorat : Méthodes quantitatives sur l évolution de la classification nominale H/F";"LYON 07";"vendredi 27 novembre 2020";"CDD Scientifique";24;"Temps complet";"entre 2648 euros et 2877 euros selon expérience";"Doctorat";"Indifférent"
"https://emploi.cnrs.fr/Offres/CDD/UMR5069-TSUKAT-005/Default.aspx";"UMR5069-TSUKAT-005";"Post-doc ANR Si-POP 2020 (H/F)";"TOULOUSE";"vendredi 27 novembre 2020";"CDD Scientifique";12;"Temps complet";"entre 2648 et 3054 € bruts mensuels selon expérience";"Doctorat";"Indifférent"
"https://emploi.cnrs.fr/Offres/CDD/UMR5218-FABPRE-010/Default.aspx";"UMR5218-FABPRE-010";"Chargé(e)s d affaires ""Ingénierie cognitive"" H/F";"TALENCE";"vendredi 27 novembre 2020";"CDD Technique/Administratif";12;"Temps complet";"entre 2 089€  et 2 206€ bruts selon expérience";"Ingénieur";"Indifférent"
"https://emploi.cnrs.fr/Offres/CDD/UMR6614-THIBES-012/Default.aspx";"UMR6614-THIBES-012";"H/F Post-doctorant en optique ultrarapide et génération de rayonnement THz intense";"ST ETIENNE DU ROUVRAY CEDE";"vendredi 27 novembre 2020";"CDD Scientifique";12;"Temps complet";"entre 2.650€ et 3.800€ brut mensuel selon expérience";"Doctorat";"1 à 4 années"
"https://emploi.cnrs.fr/Offres/CDD/UMR5218-FABPRE-011/Default.aspx";"UMR5218-FABPRE-011";"Community Manager (H/F)";"TALENCE";"vendredi 27 novembre 2020";"CDD Technique/Administratif";12;"Temps complet";"entre 1 931€ ou 2 061€ slon expérience";"Bac+2";"1 à 4 années"
"https://emploi.cnrs.fr/Offres/CDD/UPR3266-VIRLEF-012/Default.aspx";"UPR3266-VIRLEF-012";"H/F Administrateur-trice systèmes et réseaux";"CAEN";"vendredi 27 novembre 2020";"CDD Technique/Administratif";12;"Temps complet";"a partir de 2100 euros ( selon expérience)";"Bac+3";"1 à 4 années"
"https://emploi.cnrs.fr/Offres/CDD/UMR6502-CHREWE-001/Default.aspx";"UMR6502-CHREWE-001";"Poste postdoctoral en modélisation de la fluorination catalysée par la DFT (H/F)";"NANTES";"lundi 30 novembre 2020";"CDD Scientifique";12;"Temps complet";"2675 € bruts mensuels";"Doctorat";"Indifférent"
"https://emploi.cnrs.fr/Offres/CDD/UMS831-FRAAND-004/Default.aspx";"UMS831-FRAAND-004";"Ingénieur-e en ingénierie logicielle : développement web full stack (H/F)";"TOULOUSE";"lundi 30 novembre 2020";"CDD Technique/Administratif";6;"Temps complet";"entre 2088 et 2206€ bruts mensuels selon expérience et diplôme";"Bac+3";"1 à 4 années"
"https://emploi.cnrs.fr/Offres/CDD/UMR5513-CLALAM-001/Default.aspx";"UMR5513-CLALAM-001";"Chercheur CDD  (H/F) - Développement d un prototype d absorbeur non linéaire pour l atténuation des Tremblements Essentiels";"VAULX EN VELIN";"lundi 30 novembre 2020";"CDD Scientifique";14;"Temps complet";"2150 à 2479€ net mensuel hors prélèvement à la source et selon expérience)";"Doctorat";"1 à 4 années"
"https://emploi.cnrs.fr/Offres/CDD/UMR7210-VALEMI-004/Default.aspx";"UMR7210-VALEMI-004";"Ingénieur de Recherche en microscopie H/F";"PARIS 12";"lundi 30 novembre 2020";"CDD Technique/Administratif";24;"Temps complet";"entre 2690 et 2890 €brus mensuels selon expérience";"Ingénieur";"Indifférent"
"https://emploi.cnrs.fr/Offres/CDD/UMR7583-GENTUA-025/Default.aspx";"UMR7583-GENTUA-025";"Technicien(ne) gestion administrative (H/F)";"CRETEIL";"lundi 30 novembre 2020";"CDD Technique/Administratif";10;"Temps complet";"1 661,97  et 1 756,74 euros bruts mensuels selon expérience";"Bac / Bac pro";"1 à 4 années"
"https://emploi.cnrs.fr/Offres/CDD/UMR9012-SOPHEB-021/Default.aspx";"UMR9012-SOPHEB-021";"Ingénieur d études en calcul scientifique pour le projet européen NLOAccess H/F";"ORSAY";"lundi 30 novembre 2020";"CDD Technique/Administratif";6;"Temps complet";"2150 € bruts mensuels";"Bac+5";"1 à 4 années"
"https://emploi.cnrs.fr/Offres/CDD/UMR7356-PHITUR-001/Default.aspx";"UMR7356-PHITUR-001";"Chercheur-se post-doc (H/F) - Etude de la carbonatation de granulats de béton recyclés";"LA ROCHELLE";"lundi 30 novembre 2020";"CDD Scientifique";12;"Temps complet";"Selon grille CNRS expérience inférieure à 2ans (entre 2648.79 et 3054.06 € bruts mensuels)";"Doctorat";"Indifférent"
"https://emploi.cnrs.fr/Offres/CDD/ERL9002-ISALAN0-003/Default.aspx";"ERL9002-ISALAN0-003";"Agent (H/F) technique en charge de la laverie";"VILLENEUVE D ASCQ";"lundi 30 novembre 2020";"CDD Technique/Administratif";6;"Temps incomplet";"entre 1629 et 1880 euros de salaire brut mensuel selon expérience";"Bac / Bac pro";"Indifférent"
"https://emploi.cnrs.fr/Offres/CDD/UMR7341-OLIUTE-004/Default.aspx";"UMR7341-OLIUTE-004";"Ingénieur (H/F) en conception et réalisation mécanique";"MARSEILLE 09";"lundi 30 novembre 2020";"CDD Technique/Administratif";12;"Temps complet";"entre 2151,32 et 2272,27 euros bruts mensuels selon expérience";"Bac+3";"Indifférent"
"https://emploi.cnrs.fr/Offres/CDD/UMR7283-DELLER-036/Default.aspx";"UMR7283-DELLER-036";"Ingénieur(e) en Microbiologie et Biologie Moléculaire H/F";"MARSEILLE 09";"lundi 30 novembre 2020";"CDD Technique/Administratif";24;"Temps complet";"entre 2151,31€ et 2272,27€ bruts";"Bac+3";"1 à 4 années"
"https://emploi.cnrs.fr/Offres/CDD/USR2004-BRUCEN-001/Default.aspx";"USR2004-BRUCEN-001";"OpenEdition recrute un.e administrateur.trice systèmes et réseaux H/F";"MARSEILLE 13";"lundi 30 novembre 2020";"CDD Technique/Administratif";12;"Temps complet";"Entre 2151.32 et 2272.27 euros bruts mensuels selon grille CNRS basée sur diplôme et expérience";"Bac+3";"Indifférent"
"https://emploi.cnrs.fr/Offres/CDD/UMR7249-SOPBRA0-010/Default.aspx";"UMR7249-SOPBRA0-010";"H/F ingénieur de recherche en optique expérimentale";"MARSEILLE 13";"lundi 30 novembre 2020";"CDD Technique/Administratif";24;"Temps complet";"montant BRUT/mois : 2510.74€ à 2694.64€)";"Doctorat";"1 à 4 années"
"https://emploi.cnrs.fr/Offres/CDD/UMR5256-NOEPER-004/Default.aspx";"UMR5256-NOEPER-004";"Post-doctorat en catalyse hétérogène (H/F)";"VILLEURBANNE";"lundi 30 novembre 2020";"CDD Scientifique";12;"Temps complet";"environ 2700 euro brut mensuels";"Doctorat";"1 à 4 années"
"https://emploi.cnrs.fr/Offres/CDD/UMR3589-SIMMUN-002/Default.aspx";"UMR3589-SIMMUN-002";"Chercheur-se post-doc (H/F) - Prévision atmosphérique sans couture";"TOULOUSE";"lundi 30 novembre 2020";"CDD Scientifique";18;"Temps complet";"entre 2648 et 3768 euros bruts mensuels selon expérience";"Doctorat";"Indifférent"
"https://emploi.cnrs.fr/Offres/CDD/UMR5669-MAGLEB-004/Default.aspx";"UMR5669-MAGLEB-004";"Post-doctorant (H/F) en mathématiques";"LYON 07";"lundi 30 novembre 2020";"CDD Scientifique";24;"Temps complet";"2675 à 3805€ brut mensuel";"Bac+5";"1 à 4 années"
"https://emploi.cnrs.fr/Offres/CDD/UMR8109-SYLDES-022/Default.aspx";"UMR8109-SYLDES-022";"Ingénieur-e informatique temps réel (F/H) (H/F)";"MEUDON";"lundi 30 novembre 2020";"CDD Technique/Administratif";36;"Temps complet";"selon diplôme et expérience entre 2510€ et 3194€ bruts mensuels";"Supérieur à bac+5";"Indifférent"
"https://emploi.cnrs.fr/Offres/CDD/MOY400-NATSEN-057/Default.aspx";"MOY400-NATSEN-057";"Chargé d Affaires Juridiques H/F";"GIF SUR YVETTE";"lundi 30 novembre 2020";"CDD Technique/Administratif";24;"Temps complet";"Selon expérience";"Bac+3";"Indifférent"
"https://emploi.cnrs.fr/Offres/CDD/UMR8612-SIMMUR-008/Default.aspx";"UMR8612-SIMMUR-008";"Chercheur Post Doctoral_ Hydrogels hybrides à libération contrôlée et prolongée (H/F)(Institut Galien Paris-Saclay)";"CHATENAY MALABRY";"lundi 30 novembre 2020";"CDD Scientifique";12;"Temps complet";"entre 2500 et 3500 € bruts mensuels selon expérience";"Doctorat";"1 à 4 années"
"https://emploi.cnrs.fr/Offres/CDD/UMR6614-THIBES-014/Default.aspx";"UMR6614-THIBES-014";"H/F Chercheur en Analyse de la régénération de filtre à suie via une approche numérique";"ST ETIENNE DU ROUVRAY CEDE";"lundi 30 novembre 2020";"CDD Scientifique";18;"Temps complet";"2.675€ salaire brut";"Doctorat";"1 à 4 années"
"https://emploi.cnrs.fr/Offres/CDD/UMR7031-SANGUE-019/Default.aspx";"UMR7031-SANGUE-019";"Chercheur H/F :  Localisation des ondes en milieu élastique fortement hétérogène";"MARSEILLE 13";"mardi 1 décembre 2020";"CDD Scientifique";12;"Temps complet";"Entre 2728,26 et 3881,29 € bruts mensuels selon expérience";"Doctorat";"Indifférent"
"https://emploi.cnrs.fr/Offres/CDD/UMR5048-FLOLEP-013/Default.aspx";"UMR5048-FLOLEP-013";"Assistant ingénieur en microscopie électronique en transmission H/F";"MONTPELLIER";"mardi 1 décembre 2020";"CDD Technique/Administratif";24;"Temps complet";"Entre 2082 € et 2190 Euros/bruts par mois selon expérience";"Bac+2";"1 à 4 années"
"https://emploi.cnrs.fr/Offres/CDD/UMR8134-OZAKAR-003/Default.aspx";"UMR8134-OZAKAR-003";"(H/F) Chercheur.e en économie politique urbaine, avec spécialisation dans l Immobilier";"MARNE LA VALLEE";"mardi 1 décembre 2020";"CDD Scientifique";24;"Temps complet";"entre 2728 et 3881 €  brut mensuel selon expérience.";"Doctorat";"Indifférent"
"https://emploi.cnrs.fr/Offres/CDD/UPR2940-JEAPOI-001/Default.aspx";"UPR2940-JEAPOI-001";"Post-doc- Photons intriqués à partir d une boite quantique (H/F)";"GRENOBLE";"mardi 1 décembre 2020";"CDD Scientifique";24;"Temps complet";"entre 2 648 et 3768 €  bruts mensuels selon expérience.";"Doctorat";"Indifférent"
"https://emploi.cnrs.fr/Offres/CDD/UMR7504-CHRBOE-003/Default.aspx";"UMR7504-CHRBOE-003";"Post Doc (H/F) - dynamique ultrarapide de spins";"STRASBOURG";"mardi 1 décembre 2020";"CDD Scientifique";24;"Temps complet";"Rémunération brute mensuelle à partir de 2675.27 € (en fonction de l expérience)";"Bac+5";"1 à 4 années"
"https://emploi.cnrs.fr/Offres/CDD/UMR7164-NADOKA-007/Default.aspx";"UMR7164-NADOKA-007";"Chercheur H/F : développements scientifiques liés à l instrument ECLAIRs à bord de la mission SVOM.";"PARIS 13";"mardi 1 décembre 2020";"CDD Scientifique";12;"Temps complet";"entre 2728 et 3881 euros bruts mensuels selon l expérience";"Doctorat";"1 à 4 années"
"https://emploi.cnrs.fr/Offres/CDD/UPR8001-BERTON-001/Default.aspx";"UPR8001-BERTON-001";"H/F Chercheur CDD, Actionnement nano-moléculaire pour une nouvelle génération de muscles artificiels";"TOULOUSE";"mardi 1 décembre 2020";"CDD Scientifique";15;"Temps complet";"entre 2648 et 3054 euros brut mensuels selon l expérience";"Doctorat";"Indifférent"
"https://emploi.cnrs.fr/Offres/CDD/UMR6523-SOLGUE-012/Default.aspx";"UMR6523-SOLGUE-012";"chercheur en physique de l océan et de l atmosphère   (H/F)";"PLOUZANE";"mardi 1 décembre 2020";"CDD Scientifique";9;"Temps complet";"Entre 2675 et 3805 € bruts mensuels selon expérience";"Doctorat";"1 à 4 années"
"https://emploi.cnrs.fr/Offres/CDD/UMR5193-ADRDEF-001/Default.aspx";"UMR5193-ADRDEF-001";"Ingénieur Sciences sociales (H/F) - Prévention en santé au travail et outils numériques";"TOULOUSE";"mardi 1 décembre 2020";"CDD Technique/Administratif";20;"Temps complet";"2437 euros bruts mensuels";"Supérieur à bac+5";"1 à 4 années"
"https://emploi.cnrs.fr/Offres/CDD/UMR8212-MAUGRE-007/Default.aspx";"UMR8212-MAUGRE-007";"Chargé de gestion financière H/F";"GIF SUR YVETTE";"mardi 1 décembre 2020";"CDD Technique/Administratif";12;"Temps complet";"Entre 1 988 € et  2 123 € bruts mensuels selon expérience";"Bac+2";"1 à 4 années"
"https://emploi.cnrs.fr/Offres/CDD/INS1650-SONVEL-021/Default.aspx";"INS1650-SONVEL-021";"Assistant(e) de direction (H/F)";"PARIS 16";"mardi 1 décembre 2020";"CDD Technique/Administratif";6;"Temps complet";"De 1988 à 2234 € bruts mensuels en fonction de l expérience";"Bac+2";"1 à 4 années"
"https://emploi.cnrs.fr/Offres/CDD/UMR5204-CHRMAU-001/Default.aspx";"UMR5204-CHRMAU-001";"(H/F) Catalogueur d un fonds spécialisé";"LE BOURGET DU LAC";"mardi 1 décembre 2020";"CDD Technique/Administratif";3;"Temps complet";"brut 1 930,85 € / mois";"Bac+2";"Indifférent"
"https://emploi.cnrs.fr/Offres/CDD/UMR8001-VIVBAL-004/Default.aspx";"UMR8001-VIVBAL-004";"Postdoctorant en mathématiques (H/F)";"PARIS 05";"mardi 1 décembre 2020";"CDD Scientifique";24;"Temps complet";"entre 3 800 et 4000 euros bruts mensuels selon expérience";"Doctorat";"5 à 10 années"
"https://emploi.cnrs.fr/Offres/CDD/UMR5229-ANNBUS-004/Default.aspx";"UMR5229-ANNBUS-004";"Gestionnaire financier.e et comptable (H/F)";"BRON";"mardi 1 décembre 2020";"CDD Technique/Administratif";3;"Temps complet";"entre 1629 et 1722€";"Bac / Bac pro";"Indifférent"
"https://emploi.cnrs.fr/Offres/CDD/UMR7317-NATBES-007/Default.aspx";"UMR7317-NATBES-007";"Chercheur(e)/Post-Doc (H/F) en Sciences Humaines et Sociales - Programme de recherche ANR VICO";"AIX EN PROVENCE";"mardi 1 décembre 2020";"CDD Scientifique";6;"Temps complet";"entre 2728 et 3881 euros bruts mensuels selon expérience";"Doctorat";"1 à 4 années"
"https://emploi.cnrs.fr/Offres/CDD/UMR7592-ISALAD-028/Default.aspx";"UMR7592-ISALAD-028";"Chercheur-e post-doctorant-e (H/F) en biologie moléculaire/Génomique";"PARIS 13";"mardi 1 décembre 2020";"CDD Scientifique";12;"Temps complet";"entre 2730 et 3880 € bruts, selon expérience";"Doctorat";"Indifférent"
"https://emploi.cnrs.fr/Offres/CDD/UMR6226-MARFOU-001/Default.aspx";"UMR6226-MARFOU-001";"Technicien.ne en chimie de synthèse organique (H/F)";"RENNES";"mardi 1 décembre 2020";"CDD Technique/Administratif";15;"Temps complet";"entre 1600 et 1700 € bruts mensuels";"Bac / Bac pro";"1 à 4 années"
"https://emploi.cnrs.fr/Offres/CDD/MOY1692-VERVER-004/Default.aspx";"MOY1692-VERVER-004";"H/F Assistant(e) en gestion administrative";"GIF SUR YVETTE";"mardi 1 décembre 2020";"CDD Technique/Administratif";12;"Temps complet";"entre 1 988 et 2 123 € bruts mensuels selon expérience";"Bac+2";"Indifférent"
"https://emploi.cnrs.fr/Offres/CDD/UMR7010-LAULAB-003/Default.aspx";"UMR7010-LAULAB-003";"Post-Doc (H/F) : quantum communication";"NICE";"mardi 1 décembre 2020";"CDD Scientifique";12;"Temps complet";"2600 €";"Doctorat";"1 à 4 années"
"https://emploi.cnrs.fr/Offres/CDD/MOY1500-FRADJI1-052/Default.aspx";"MOY1500-FRADJI1-052";"Chargé(e) de communication H/F";"TALENCE";"mardi 1 décembre 2020";"CDD Technique/Administratif";12;"Temps complet";"entre 2088€ et 2206€ bruts menseuls selon expérience";"Bac+5";"1 à 4 années"
"https://emploi.cnrs.fr/Offres/CDD/UMR168-CATVIL-002/Default.aspx";"UMR168-CATVIL-002";"Chercheur en Microfluidique  H/F";"PARIS 05";"mardi 1 décembre 2020";"CDD Scientifique";4;"Temps complet";"de 2728 € à 3881 € brut selon expérience";"Doctorat";"1 à 4 années"
"https://emploi.cnrs.fr/Offres/CDD/UMR7361-SIMBEN-001/Default.aspx";"UMR7361-SIMBEN-001";"H/F CDD scientifique -production semi-industrielle de biochars";"MULHOUSE";"mardi 1 décembre 2020";"CDD Scientifique";12;"Temps complet";"à partir de 2 675,27 € brut mensuel selon expérience";"Doctorat";"1 à 4 années"
"https://emploi.cnrs.fr/Offres/CDD/UPR2357-MAGDAU-004/Default.aspx";"UPR2357-MAGDAU-004";"Technicien-ne en production végétale H/F";"STRASBOURG";"mardi 1 décembre 2020";"CDD Technique/Administratif";6;"Temps complet";"à partir de 1629,71 euros brut mensuels";"Bac / Bac pro";"Indifférent"
"https://emploi.cnrs.fr/Offres/CDD/UMR8564-NAZATT-002/Default.aspx";"UMR8564-NAZATT-002";"Gestionnaire financier.e et comptable (H/F)";"PARIS 06";"mardi 1 décembre 2020";"CDD Technique/Administratif";4;"Temps complet";"entre 1622 et 1757€";"Bac / Bac pro";"Indifférent"
"https://emploi.cnrs.fr/Offres/CDD/UMR5554-ALLEVI-007/Default.aspx";"UMR5554-ALLEVI-007";"CDD technicien H/F";"MONTPELLIER";"mercredi 2 décembre 2020";"CDD Technique/Administratif";12;"Temps complet";"entre 1629 et 1722 € bruts mensuels selon expérience";"Bac / Bac pro";"Indifférent"
"https://emploi.cnrs.fr/Offres/CDD/UPR9022-BENSTE-010/Default.aspx";"UPR9022-BENSTE-010";"Technicien-e en biologie, sciences de la vie et de la terre H/F";"STRASBOURG";"mercredi 2 décembre 2020";"CDD Technique/Administratif";6;"Temps incomplet";"325.93€ brut mensuel";"Bac / Bac pro";"Indifférent"
"https://emploi.cnrs.fr/Offres/CDD/MOY500-BENBEN-010/Default.aspx";"MOY500-BENBEN-010";"Assistant-contrôleur de gestion RH pour le SEGA H/F";"MEUDON";"mercredi 2 décembre 2020";"CDD Technique/Administratif";12;"Temps complet";"entre 1 988€ et 2 434€ bruts mensuels selon expérience";"Bac+2";"Indifférent"
"https://emploi.cnrs.fr/Offres/CDD/UMS3426-EDIDEM0-026/Default.aspx";"UMS3426-EDIDEM0-026";"Développeur informatique et déploiement d application (H/F)";"MONTPELLIER";"mercredi 2 décembre 2020";"CDD Technique/Administratif";12;"Temps complet";"Entre  2 109 €  et 2 228 € brut mensuel";"Bac+3";"Indifférent"
"https://emploi.cnrs.fr/Offres/CDD/UPR3407-GUILOM-002/Default.aspx";"UPR3407-GUILOM-002";"CDD Chercheur en développement d un diagnostic laser picoseconde en plasmas d azote (H/F)";"VILLETANEUSE";"mercredi 2 décembre 2020";"CDD Scientifique";9;"Temps complet";"2728 euros bruts mensuels";"Doctorat";"Indifférent"
"https://emploi.cnrs.fr/Offres/CDD/UPR3079-DOMMAS-001/Default.aspx";"UPR3079-DOMMAS-001";"H/F Chercheur.euse CDD en chimie du solide et caractérisation par RMN du solide";"ORLEANS";"mercredi 2 décembre 2020";"CDD Scientifique";12;"Temps complet";"Rémunération comprise entre 2648 € et 3768 € bruts mensuels selon expérience";"Doctorat";"1 à 4 années"
"https://emploi.cnrs.fr/Offres/CDD/UMR8630-MICLOU-003/Default.aspx";"UMR8630-MICLOU-003";"H/F Ingénieur expert électronicien en développement et expérimentation";"PARIS 14";"mercredi 2 décembre 2020";"CDD Technique/Administratif";12;"Temps complet";"De 2510.74 à 3194.10 euros bruts mensuels selon expérience.";"Ingénieur";"1 à 4 années"
"https://emploi.cnrs.fr/Offres/CDD/MOY1800-AURAVE-009/Default.aspx";"MOY1800-AURAVE-009";"Chargé.e des achats et des marchés H/F";"LILLE";"mercredi 2 décembre 2020";"CDD Technique/Administratif";12;"Temps complet";"entre 2 109 et 2 694€ bruts mensuels selon expérience";"Bac+3";"Indifférent"
"https://emploi.cnrs.fr/Offres/CDD/INS1650-SONVEL-022/Default.aspx";"INS1650-SONVEL-022";"Gestionnaire H/F";"PARIS 16";"mercredi 2 décembre 2020";"CDD Technique/Administratif";9;"Temps complet";"De 1661 à 1832 € bruts mensuels en fonction de l expérience";"Bac / Bac pro";"1 à 4 années"
"https://emploi.cnrs.fr/Offres/CDD/UMR7258-CHRLAC-005/Default.aspx";"UMR7258-CHRLAC-005";"Poste d Ingénieur de recherche en Biologie Moléculaire et CellulaireH/F";"MARSEILLE 08";"mercredi 2 décembre 2020";"CDD Technique/Administratif";6;"Temps complet";"entre 2510.74 et 2694.64 euros bruts mensuels selon expérience";"Doctorat";"1 à 4 années"
"https://emploi.cnrs.fr/Offres/CDD/UMR7182-HELBAR-002/Default.aspx";"UMR7182-HELBAR-002";"CDD chercheur en science des matériaux H/F : Optimisation de microstructures à précipitation durcissante contrôlée dans des alliages concentrés complexes";"THIAIS";"mercredi 2 décembre 2020";"CDD Scientifique";12;"Temps complet";"2728€ brut par mois";"Doctorat";"1 à 4 années"
"https://emploi.cnrs.fr/Offres/CDD/UPR3228-CATKNO-011/Default.aspx";"UPR3228-CATKNO-011";"GESTIONNAIRE D INFRASTRUCTURES INFORMATIQUES (H/F)";"TOULOUSE";"mercredi 2 décembre 2020";"CDD Technique/Administratif";5;"Temps complet";"1930€ à 2061€";"Bac+2";"1 à 4 années"
"https://emploi.cnrs.fr/Offres/CDD/FR3104-CHRMAS0-003/Default.aspx";"FR3104-CHRMAS0-003";"Gestionnaire, Assistant ingénieur (H/F), projet européen DESTINY (MSCA COFUND PhD)";"AMIENS";"mercredi 2 décembre 2020";"CDD Technique/Administratif";12;"Temps complet";"brute mensuelle entre 1 950€ et 2 082€";"Bac+2";"1 à 4 années"
"https://emploi.cnrs.fr/Offres/CDD/FR2638-FABCAR-002/Default.aspx";"FR2638-FABCAR-002";"Chercheur Mise en Forme de matériaux poreux pour la catalyse H/F";"VILLENEUVE D ASCQ";"mercredi 2 décembre 2020";"CDD Scientifique";11;"Temps complet";"entre 2 675 et 3 085 € bruts mensuels selon expérience.";"Doctorat";"Indifférent"
"https://emploi.cnrs.fr/Offres/CDD/UPR22-FOUBOU-001/Default.aspx";"UPR22-FOUBOU-001";"Manager de projet H/F Institut thématique interdisciplinaire HiFunMat";"STRASBOURG";"mercredi 2 décembre 2020";"CDD Technique/Administratif";12;"Temps complet";"à partir 2461,99 euros brut mensuels";"Doctorat";"1 à 4 années"
"https://emploi.cnrs.fr/Offres/CDD/UMR5221-DOMTRU-001/Default.aspx";"UMR5221-DOMTRU-001";"Postdoc (H/F): Microgels ioniques et polymères de charge opposée: rhéologie, dynamique et applications pour l assainissement des eaux usées.";"MONTPELLIER";"mercredi 2 décembre 2020";"CDD Scientifique";24;"Temps complet";"entre 2700 euros et 3800 euros bruts mensuels selon expérience";"Doctorat";"Indifférent"
"https://emploi.cnrs.fr/Offres/CDD/UMR8520-FRELEF-079/Default.aspx";"UMR8520-FRELEF-079";"Chercheur CDD Propriétés optiques et de transport de puit quantiques colloïdaux individuels H/F";"VILLENEUVE D ASCQ";"mercredi 2 décembre 2020";"CDD Scientifique";24;"Temps complet";"A partir de 2675 euros bruts mensuels selon expérience.";"Doctorat";"Indifférent"
"https://emploi.cnrs.fr/Offres/CDD/UMR3589-PAUMAR-001/Default.aspx";"UMR3589-PAUMAR-001";"Offre post-doctorat (H/F): Amélioration des prévisions de brouillard par assimilation d un réseau de radiomètres micro-ondes au sol";"TOULOUSE";"jeudi 3 décembre 2020";"CDD Scientifique";12;"Temps complet";"2648 à 3768 € bruts mensuel en fonction de l expérience";"Doctorat";"Indifférent"
"https://emploi.cnrs.fr/Offres/CDD/UMR7326-FRELEP-055/Default.aspx";"UMR7326-FRELEP-055";"H/F Ingénieur -e en conception instrumentalle optique";"MARSEILLE 13";"jeudi 3 décembre 2020";"CDD Technique/Administratif";12;"Temps complet";"entre 2151,31 et 2748,08 brut mensuel selon experience.";"Bac+5";"1 à 4 années"
"https://emploi.cnrs.fr/Offres/CDD/UMR8214-BERUST-009/Default.aspx";"UMR8214-BERUST-009";"Assistant(e) en gestion administrative des personnels de l unité H/F";"ORSAY";"jeudi 3 décembre 2020";"CDD Technique/Administratif";12;"Temps complet";"entre 1988€ et 2348€ bruts mensuel selon expérience";"Bac+2";"Indifférent"
"https://emploi.cnrs.fr/Offres/CDD/UPR3407-JONMOU-001/Default.aspx";"UPR3407-JONMOU-001";"Ingénieur calcul : Simulation du transport d hydrogène et d hélium dans les composants face aux plasmas (H/F)";"VILLETANEUSE";"jeudi 3 décembre 2020";"CDD Technique/Administratif";7;"Temps complet";"entre 2151€ et 2668€ bruts mensuel selon expérience";"Bac+5";"Indifférent"
"https://emploi.cnrs.fr/Offres/CDD/UMR5558-NATARB-013/Default.aspx";"UMR5558-NATARB-013";"Post-doctorant.e (H/F) en bioinformatique";"VILLEURBANNE";"jeudi 3 décembre 2020";"CDD Scientifique";9;"Temps complet";"entre 2648 et 3805 € bruts mensuels selon expérience";"Doctorat";"Indifférent"
"https://emploi.cnrs.fr/Offres/CDD/UMR5069-TSUKAT-006/Default.aspx";"UMR5069-TSUKAT-006";"Post-doc : Silylènes substitués par des métaux de transition (H/F)";"TOULOUSE";"jeudi 3 décembre 2020";"CDD Scientifique";12;"Temps complet";"entre 2648 et 3054 € bruts mensuels selon expérience";"Doctorat";"1 à 4 années"
"https://emploi.cnrs.fr/Offres/CDD/UMR5245-JOSSAN-003/Default.aspx";"UMR5245-JOSSAN-003";"H/F Ingénieur de recherche en quantification des flux de N2O";"CASTANET TOLOSAN";"jeudi 3 décembre 2020";"CDD Technique/Administratif";6;"Temps complet";"entre 2437 et 2616€ bruts mensuels selon expérience";"Doctorat";"Indifférent"
"https://emploi.cnrs.fr/Offres/CDD/UMR9012-SOPHEB-022/Default.aspx";"UMR9012-SOPHEB-022";"Chercheur en Physique théorique, Physique des Particules (H/F)";"ORSAY";"jeudi 3 décembre 2020";"CDD Scientifique";24;"Temps complet";"3145 € bruts mensuels";"Doctorat";"Indifférent"
"https://emploi.cnrs.fr/Offres/CDD/UMR2594-FERDEC-001/Default.aspx";"UMR2594-FERDEC-001";"Post-doc en biologie végétale (H/F)";"CASTANET TOLOSAN";"jeudi 3 décembre 2020";"CDD Scientifique";24;"Temps complet";"entre 2648 et 3054 € bruts mensuels selon expérience";"Doctorat";"1 à 4 années"
"https://emploi.cnrs.fr/Offres/CDD/UMR5588-VIVLEC-002/Default.aspx";"UMR5588-VIVLEC-002";"Postdoctorant en physique théorique (H/F)";"ST MARTIN D HERES";"jeudi 3 décembre 2020";"CDD Scientifique";24;"Temps complet";"Rémunération brute mensuelle à partir de 2648.79 € (en fonction de l expérience)";"Doctorat";"1 à 4 années"
"https://emploi.cnrs.fr/Offres/CDD/UMR5004-CECABA-020/Default.aspx";"UMR5004-CECABA-020";"Assistant Ingénieur en biologie moléculaire (H/F)";"MONTPELLIER";"jeudi 3 décembre 2020";"CDD Technique/Administratif";6;"Temps complet";"entre 1950€ et 2080€ bruts mensuels selon expérience";"Bac+2";"Indifférent"
"https://emploi.cnrs.fr/Offres/CDD/USR3683-QUEALA-006/Default.aspx";"USR3683-QUEALA-006";"Ingenieur d étude H/F";"GIF SUR YVETTE";"jeudi 3 décembre 2020";"CDD Technique/Administratif";3;"Temps incomplet";"entre 1253 et 1323€ bruts mensuels selon experience pour un contrat a temps partiel (60%)";"Bac+5";"Indifférent"
"https://emploi.cnrs.fr/Offres/CDD/UMR5277-EMIDUP-085/Default.aspx";"UMR5277-EMIDUP-085";"(H/F) Ingénieur-e en ingénierir logicielle pour le projet SVOM/ECLAIR s";"TOULOUSE";"jeudi 3 décembre 2020";"CDD Technique/Administratif";12;"Temps complet";"entre 2088 et 2500 € bruts/mois selon expériences et diplôme";"Bac+3";"Indifférent"
"https://emploi.cnrs.fr/Offres/CDD/UMR7186-MONHEI-001/Default.aspx";"UMR7186-MONHEI-001";"H/F Chercheur.se en anthropologie et science ouverte";"NANTERRE";"jeudi 3 décembre 2020";"CDD Scientifique";12;"Temps complet";"entre 2728 et 3145 euros brut mensuel";"Doctorat";"Indifférent"
"https://emploi.cnrs.fr/Offres/CDD/MOY700-SANBUS-039/Default.aspx";"MOY700-SANBUS-039";"Assistant des métiers de l image et du son (H/F)";"VILLEURBANNE";"jeudi 3 décembre 2020";"CDD Technique/Administratif";12;"Temps complet";"1950 à 2082€ brut mensuel en fonction de l expérience";"Bac+2";"Indifférent"
"https://emploi.cnrs.fr/Offres/CDD/MOY700-SANBUS-040/Default.aspx";"MOY700-SANBUS-040";"Ingénieur en ingénierie logicielle (H/F)";"VILLEURBANNE";"jeudi 3 décembre 2020";"CDD Technique/Administratif";12;"Temps complet";"2109 à 2228€ brut mensuel en fonction de l expérience";"Bac+3";"Indifférent"
"https://emploi.cnrs.fr/Offres/CDD/UMR7198-MARTAI-032/Default.aspx";"UMR7198-MARTAI-032";"Spintronique picoseconde (H/F)";"NANCY";"jeudi 3 décembre 2020";"CDD Scientifique";24;"Temps complet";"2675,27";"Doctorat";"1 à 4 années"
"https://emploi.cnrs.fr/Offres/CDD/UMR5321-SEVBON-022/Default.aspx";"UMR5321-SEVBON-022";"Ingénieur-e en ingénierie logicielle (H/F)";"ST GIRONS";"vendredi 4 décembre 2020";"CDD Technique/Administratif";24;"Temps complet";"entre 2088.66 € et 2206.09 € brut mensuel selon expérience";"Bac+3";"1 à 4 années"
"https://emploi.cnrs.fr/Offres/CDD/USR3683-QUEALA-005/Default.aspx";"USR3683-QUEALA-005";"Ingenieur de recherche « Territoires d interface et biodiversité urbaine sur le plateau de Saclay » H/F";"GIF SUR YVETTE";"vendredi 4 décembre 2020";"CDD Technique/Administratif";4;"Temps complet";"entre 2510,74 € et 3068,75€ bruts mensuels selon expérience";"Doctorat";"Indifférent"
"https://emploi.cnrs.fr/Offres/CDD/UMR5285-REGPHI-003/Default.aspx";"UMR5285-REGPHI-003";"CDD Ingénieur d études (H/F) sur la conversion catalytique d ozone et de COV";"VILLEURBANNE";"vendredi 4 décembre 2020";"CDD Technique/Administratif";12;"Temps complet";"entre 2000 et 2200 € bruts mensuels selon expérience";"Bac+5";"Indifférent"
"https://emploi.cnrs.fr/Offres/CDD/UMR9002-BENMEL-001/Default.aspx";"UMR9002-BENMEL-001";"H/F Technicien(ne) Logistique";"MONTPELLIER";"vendredi 4 décembre 2020";"CDD Technique/Administratif";6;"Temps complet";"Entre 1630 et 1730 € bruts mensuels (selon expérience)";"Bac / Bac pro";"Indifférent"
"https://emploi.cnrs.fr/Offres/CDD/UPR288-BRILLO-018/Default.aspx";"UPR288-BRILLO-018";"Post-doctorant en caractérisation expérimentale ou numérique de la production de particules solides dans des flammes turbulentes (H/F)";"GIF SUR YVETTE";"vendredi 4 décembre 2020";"CDD Scientifique";12;"Temps complet";"Entre2 695,56 et 3 841,41 € bruts mensuels selon expérience";"Bac+5";"Indifférent"
"https://emploi.cnrs.fr/Offres/CDD/UMR8506-STEDOU-005/Default.aspx";"UMR8506-STEDOU-005";"(H/F) Nouveau cadre de théorie de la communication au-delà de Shannon: principes fondamentaux et algorithmes (basés sur des modèles et basés sur les données)";"GIF SUR YVETTE";"vendredi 4 décembre 2020";"CDD Scientifique";12;"Temps complet";"entre 2728€ et 3880€ brut selon expérience";"Doctorat";"Indifférent"
"https://emploi.cnrs.fr/Offres/CDD/UMR7252-DEBTHO-001/Default.aspx";"UMR7252-DEBTHO-001";"Chercheur Postdoctoral en Crytpographie basée sur les codes correcteurs (H/F)";"LIMOGES";"vendredi 4 décembre 2020";"CDD Scientifique";8;"Temps complet";"entre 2648,79€ à 4198,03€ brut mensuels (selon expérience)";"Doctorat";"Indifférent"
"https://emploi.cnrs.fr/Offres/CDD/UPR2301-JEABET-002/Default.aspx";"UPR2301-JEABET-002";"Poste d Assistant Ingénieur (H/F) en synthèse organique.";"GIF SUR YVETTE";"vendredi 4 décembre 2020";"CDD Technique/Administratif";10;"Temps complet";"à partir de 1988€ brut mensuel selon expérience";"Bac+2";"Indifférent"
"https://emploi.cnrs.fr/Offres/CDD/USR3380-HELCOL-001/Default.aspx";"USR3380-HELCOL-001";"Assitant-e ingénieur-e en gestion administrative (H/F)";"VILLENEUVE D ASCQ";"vendredi 4 décembre 2020";"CDD Technique/Administratif";12;"Temps complet";"entre 1950 et 2386 € bruts mensuels selon expérience";"Bac+2";"Indifférent"
"https://emploi.cnrs.fr/Offres/CDD/UMR7330-ALELIC-001/Default.aspx";"UMR7330-ALELIC-001";"H/F CDD Chercheur junior en géochimie isotopique et paléoclimats";"AIX EN PROVENCE";"vendredi 4 décembre 2020";"CDD Scientifique";16;"Temps complet";"fourchette entre 2728,26 et 3881.29 € bruts mensuels";"Doctorat";"1 à 4 années"
"https://emploi.cnrs.fr/Offres/CDD/UMR5560-FABSOL-002/Default.aspx";"UMR5560-FABSOL-002";"CDD Chercheur Modélisation Chimie Atmosphérique / Climat (H/F)";"TOULOUSE";"vendredi 4 décembre 2020";"CDD Scientifique";12;"Temps complet";"2648-3768 bruts selon expérience";"Doctorat";"1 à 4 années"
"https://emploi.cnrs.fr/Offres/CDD/UPR3407-DOMVRE0-001/Default.aspx";"UPR3407-DOMVRE0-001";"Ingénieur d étude AFM/MEB (H/F)";"VILLETANEUSE";"vendredi 4 décembre 2020";"CDD Technique/Administratif";12;"Temps complet";"de 2151 € à 2272 € brut mensuel";"Bac+3";"1 à 4 années"
"https://emploi.cnrs.fr/Offres/CDD/UMR5203-ANNCHA-019/Default.aspx";"UMR5203-ANNCHA-019";"H/F Technicien Biologiste";"MONTPELLIER";"vendredi 4 décembre 2020";"CDD Technique/Administratif";12;"Temps complet";"1630 €  à 1720 € brut mensuel en fonction de l expérience";"Bac / Bac pro";"Indifférent"
"https://emploi.cnrs.fr/Offres/CDD/UMR5800-MAGHIN-014/Default.aspx";"UMR5800-MAGHIN-014";"Post-doctorant (H/F) : Gestion intelligente des données imparfaites";"TALENCE";"vendredi 4 décembre 2020";"CDD Scientifique";24;"Temps complet";"entre 2648€ et 3054€ bruts mensuels selon expérience";"Doctorat";"Indifférent"
"https://emploi.cnrs.fr/Offres/CDD/UMR8630-FRAPER-002/Default.aspx";"UMR8630-FRAPER-002";"Postdoctorant H/F : Controle Quantique pour l Interférométrie Atomique";"PARIS 14";"vendredi 4 décembre 2020";"CDD Scientifique";18;"Temps complet";"entre 2728€ et 3145€ bruts mensuels selon expérience";"Doctorat";"1 à 4 années"
"https://emploi.cnrs.fr/Offres/CDD/UMR9012-SOPHEB-023/Default.aspx";"UMR9012-SOPHEB-023";"INGENIEUR RESPONSABLE D EXPLOITATION ET DEVELOPPEMENT (H/F)";"ORSAY";"vendredi 4 décembre 2020";"CDD Technique/Administratif";24;"Temps complet";"Entre 2151,32 et 2272,27 €";"Bac+5";"1 à 4 années"
"https://emploi.cnrs.fr/Offres/CDD/UMR5253-FREJAO-003/Default.aspx";"UMR5253-FREJAO-003";"H/F Ingénieur de recherche en pile à combustible";"MONTPELLIER";"vendredi 4 décembre 2020";"CDD Scientifique";12;"Temps complet";"entre 2461,99 et 2642,32 euros brut mensuel";"Bac+5";"1 à 4 années"
"https://emploi.cnrs.fr/Offres/CDD/UMR5607-MARCHA-001/Default.aspx";"UMR5607-MARCHA-001";"Post-Doc en papyrologie (H/F)";"PESSAC";"vendredi 4 décembre 2020";"CDD Scientifique";23;"Temps complet";"entre 2648€ et 3054€ selon expérience";"Doctorat";"1 à 4 années"
"https://emploi.cnrs.fr/Offres/CDD/UMR5505-CHLBOU-033/Default.aspx";"UMR5505-CHLBOU-033";"CDD chercheur (H/F)  Chercheur en machine learning et traitement du signal";"TOULOUSE";"samedi 5 décembre 2020";"CDD Scientifique";12;"Temps complet";"Entre 2 648 et 3 729 bruts mensuels selon expérience";"Doctorat";"1 à 4 années"
