ticker,company_name,country,quarter_date,quarter_billion
AMZN,amazon,United States,2026-03-31,29.567
AMZN,amazon,United States,2025-12-31,29.399
AMZN,amazon,United States,2025-09-30,28.962
AMZN,amazon,United States,2025-06-30,27.166
AMZN,amazon,United States,2025-03-31,22.994
AMZN,amazon,United States,2024-12-31,23.571
AMZN,amazon,United States,2024-09-30,22.245
AMZN,amazon,United States,2024-06-30,22.304
AMZN,amazon,United States,2024-03-31,20.424
AMZN,amazon,United States,2023-12-31,22.038
AMZN,amazon,United States,2023-09-30,21.203
AMZN,amazon,United States,2023-06-30,21.931
AMZN,amazon,United States,2023-03-31,20.450
AMZN,amazon,United States,2022-12-31,20.814
AMZN,amazon,United States,2022-09-30,19.485
AMZN,amazon,United States,2022-06-30,18.072
AMZN,amazon,United States,2022-03-31,14.842
AMZN,amazon,United States,2021-12-31,15.313
AMZN,amazon,United States,2021-09-30,14.380
AMZN,amazon,United States,2021-06-30,13.871
AMZN,amazon,United States,2021-03-31,12.488
AMZN,amazon,United States,2020-12-31,12.051
AMZN,amazon,United States,2020-09-30,10.976
AMZN,amazon,United States,2020-06-30,10.388
AMZN,amazon,United States,2020-03-31,9.325
AMZN,amazon,United States,2019-12-31,9.739
AMZN,amazon,United States,2019-09-30,9.200
AMZN,amazon,United States,2019-06-30,9.065
AMZN,amazon,United States,2019-03-31,7.927
AMZN,amazon,United States,2018-12-31,7.669
AMZN,amazon,United States,2018-09-30,7.162
AMZN,amazon,United States,2018-06-30,7.247
AMZN,amazon,United States,2018-03-31,6.759
AMZN,amazon,United States,2017-12-31,6.314
AMZN,amazon,United States,2017-09-30,5.944
AMZN,amazon,United States,2017-06-30,5.549
AMZN,amazon,United States,2017-03-31,4.813
AMZN,amazon,United States,2016-12-31,4.544
AMZN,amazon,United States,2016-09-30,4.135
AMZN,amazon,United States,2016-06-30,3.880
AMZN,amazon,United States,2016-03-31,3.526
AMZN,amazon,United States,2015-12-31,3.569
AMZN,amazon,United States,2015-09-30,3.197
AMZN,amazon,United States,2015-06-30,3.020
AMZN,amazon,United States,2015-03-31,2.754
AMZN,amazon,United States,2014-12-31,2.635
AMZN,amazon,United States,2014-09-30,2.423
AMZN,amazon,United States,2014-06-30,2.226
AMZN,amazon,United States,2014-03-31,1.991
AMZN,amazon,United States,2013-12-31,1.862
AMZN,amazon,United States,2013-09-30,1.734
AMZN,amazon,United States,2013-06-30,1.586
AMZN,amazon,United States,2013-03-31,1.383
AMZN,amazon,United States,2012-12-31,1.345
AMZN,amazon,United States,2012-09-30,1.192
AMZN,amazon,United States,2012-06-30,1.082
AMZN,amazon,United States,2012-03-31,0.945
AMZN,amazon,United States,2011-12-31,0.863
AMZN,amazon,United States,2011-09-30,0.769
AMZN,amazon,United States,2011-06-30,0.698
GOOG,alphabet,United States,2026-03-31,17.032
GOOG,alphabet,United States,2025-12-31,18.572
GOOG,alphabet,United States,2025-09-30,15.151
GOOG,alphabet,United States,2025-06-30,13.808
GOOG,alphabet,United States,2025-03-31,13.556
GOOG,alphabet,United States,2024-12-31,13.116
GOOG,alphabet,United States,2024-09-30,12.447
GOOG,alphabet,United States,2024-06-30,11.860
GOOG,alphabet,United States,2024-03-31,11.903
GOOG,alphabet,United States,2023-12-31,12.113
GOOG,alphabet,United States,2023-09-30,11.258
GOOG,alphabet,United States,2023-06-30,10.588
GOOG,alphabet,United States,2023-03-31,11.468
GOOG,alphabet,United States,2022-12-31,10.267
GOOG,alphabet,United States,2022-09-30,10.273
GOOG,alphabet,United States,2022-06-30,9.841
GOOG,alphabet,United States,2022-03-31,9.119
GOOG,alphabet,United States,2021-12-31,8.708
GOOG,alphabet,United States,2021-09-30,7.694
GOOG,alphabet,United States,2021-06-30,7.675
GOOG,alphabet,United States,2021-03-31,7.485
GOOG,alphabet,United States,2020-12-31,7.022
GOOG,alphabet,United States,2020-09-30,6.856
GOOG,alphabet,United States,2020-06-30,6.875
GOOG,alphabet,United States,2020-03-31,6.820
GOOG,alphabet,United States,2019-12-31,7.222
GOOG,alphabet,United States,2019-09-30,6.554
GOOG,alphabet,United States,2019-06-30,6.213
GOOG,alphabet,United States,2019-03-31,6.029
GOOG,alphabet,United States,2018-12-31,6.034
GOOG,alphabet,United States,2018-09-30,5.232
GOOG,alphabet,United States,2018-06-30,5.114
GOOG,alphabet,United States,2018-03-31,5.039
GOOG,alphabet,United States,2017-12-31,4.306
GOOG,alphabet,United States,2017-09-30,4.205
GOOG,alphabet,United States,2017-06-30,4.172
GOOG,alphabet,United States,2017-03-31,3.942
GOOG,alphabet,United States,2016-12-31,3.622
GOOG,alphabet,United States,2016-09-30,3.596
GOOG,alphabet,United States,2016-06-30,3.363
GOOG,alphabet,United States,2016-03-31,3.367
GOOG,alphabet,United States,2015-12-31,3.510
GOOG,alphabet,United States,2015-09-30,3.230
GOOG,alphabet,United States,2015-06-30,2.789
GOOG,alphabet,United States,2015-03-31,2.753
GOOG,alphabet,United States,2014-12-31,2.813
GOOG,alphabet,United States,2014-09-30,2.655
GOOG,alphabet,United States,2014-06-30,2.238
GOOG,alphabet,United States,2014-03-31,2.126
GOOG,alphabet,United States,2013-12-31,1.933
GOOG,alphabet,United States,2013-09-30,1.821
GOOG,alphabet,United States,2013-06-30,1.766
GOOG,alphabet,United States,2013-03-31,1.617
GOOG,alphabet,United States,2012-12-31,1.225
GOOG,alphabet,United States,2012-09-30,1.879
GOOG,alphabet,United States,2012-06-30,1.538
GOOG,alphabet,United States,2012-03-31,1.441
GOOG,alphabet,United States,2011-12-31,1.298
GOOG,alphabet,United States,2011-09-30,1.404
GOOG,alphabet,United States,2011-06-30,1.234
META,meta-platforms,United States,2026-03-31,17.699
META,meta-platforms,United States,2025-12-31,17.136
META,meta-platforms,United States,2025-09-30,15.144
META,meta-platforms,United States,2025-06-30,12.942
META,meta-platforms,United States,2025-03-31,12.150
META,meta-platforms,United States,2024-12-31,12.181
META,meta-platforms,United States,2024-09-30,11.177
META,meta-platforms,United States,2024-06-30,10.537
META,meta-platforms,United States,2024-03-31,9.978
META,meta-platforms,United States,2023-12-31,10.517
META,meta-platforms,United States,2023-09-30,9.241
META,meta-platforms,United States,2023-06-30,9.344
META,meta-platforms,United States,2023-03-31,9.381
META,meta-platforms,United States,2022-12-31,9.771
META,meta-platforms,United States,2022-09-30,9.170
META,meta-platforms,United States,2022-06-30,8.690
META,meta-platforms,United States,2022-03-31,7.707
META,meta-platforms,United States,2021-12-31,7.046
META,meta-platforms,United States,2021-09-30,6.316
META,meta-platforms,United States,2021-06-30,6.096
META,meta-platforms,United States,2021-03-31,5.197
META,meta-platforms,United States,2020-12-31,5.207
META,meta-platforms,United States,2020-09-30,4.763
META,meta-platforms,United States,2020-06-30,4.462
META,meta-platforms,United States,2020-03-31,4.015
META,meta-platforms,United States,2019-12-31,3.877
META,meta-platforms,United States,2019-09-30,3.548
META,meta-platforms,United States,2019-06-30,3.315
META,meta-platforms,United States,2019-03-31,2.860
META,meta-platforms,United States,2018-12-31,2.855
META,meta-platforms,United States,2018-09-30,2.657
META,meta-platforms,United States,2018-06-30,2.523
META,meta-platforms,United States,2018-03-31,2.238
META,meta-platforms,United States,2017-12-31,1.949
META,meta-platforms,United States,2017-09-30,2.052
META,meta-platforms,United States,2017-06-30,1.919
META,meta-platforms,United States,2017-03-31,1.834
META,meta-platforms,United States,2016-12-31,1.563
META,meta-platforms,United States,2016-09-30,1.542
META,meta-platforms,United States,2016-06-30,1.471
META,meta-platforms,United States,2016-03-31,1.343
META,meta-platforms,United States,2015-12-31,1.313
META,meta-platforms,United States,2015-09-30,1.271
META,meta-platforms,United States,2015-06-30,1.170
META,meta-platforms,United States,2015-03-31,1.062
META,meta-platforms,United States,2014-12-31,1.111
META,meta-platforms,United States,2014-09-30,0.608
META,meta-platforms,United States,2014-06-30,0.492
META,meta-platforms,United States,2014-03-31,0.455
META,meta-platforms,United States,2013-12-31,0.409
META,meta-platforms,United States,2013-09-30,0.369
META,meta-platforms,United States,2013-06-30,0.344
META,meta-platforms,United States,2013-03-31,0.293
META,meta-platforms,United States,2012-12-31,0.297
META,meta-platforms,United States,2012-09-30,0.244
META,meta-platforms,United States,2012-06-30,0.705
META,meta-platforms,United States,2012-03-31,0.153
META,meta-platforms,United States,2011-12-31,0.124
META,meta-platforms,United States,2011-09-30,0.108
META,meta-platforms,United States,2011-06-30,0.099
AAPL,apple,United States,2026-03-31,11.419
AAPL,apple,United States,2025-12-31,10.887
AAPL,apple,United States,2025-09-30,8.866
AAPL,apple,United States,2025-06-30,8.866
AAPL,apple,United States,2025-03-31,8.550
AAPL,apple,United States,2024-12-31,8.268
AAPL,apple,United States,2024-09-30,7.765
AAPL,apple,United States,2024-06-30,8.006
AAPL,apple,United States,2024-03-31,7.903
AAPL,apple,United States,2023-12-31,7.696
AAPL,apple,United States,2023-09-30,7.307
AAPL,apple,United States,2023-06-30,7.442
AAPL,apple,United States,2023-03-31,7.457
AAPL,apple,United States,2022-12-31,7.709
AAPL,apple,United States,2022-09-30,6.761
AAPL,apple,United States,2022-06-30,6.797
AAPL,apple,United States,2022-03-31,6.387
AAPL,apple,United States,2021-12-31,6.306
AAPL,apple,United States,2021-09-30,5.772
AAPL,apple,United States,2021-06-30,5.717
AAPL,apple,United States,2021-03-31,5.262
AAPL,apple,United States,2020-12-31,5.163
AAPL,apple,United States,2020-09-30,4.978
AAPL,apple,United States,2020-06-30,4.758
AAPL,apple,United States,2020-03-31,4.565
AAPL,apple,United States,2019-12-31,4.451
AAPL,apple,United States,2019-09-30,4.110
AAPL,apple,United States,2019-06-30,4.257
AAPL,apple,United States,2019-03-31,3.948
AAPL,apple,United States,2018-12-31,3.902
AAPL,apple,United States,2018-09-30,3.750
AAPL,apple,United States,2018-06-30,3.701
AAPL,apple,United States,2018-03-31,3.378
AAPL,apple,United States,2017-12-31,3.407
AAPL,apple,United States,2017-09-30,2.997
AAPL,apple,United States,2017-06-30,2.937
AAPL,apple,United States,2017-03-31,2.776
AAPL,apple,United States,2016-12-31,2.871
AAPL,apple,United States,2016-09-30,2.570
AAPL,apple,United States,2016-06-30,2.560
AAPL,apple,United States,2016-03-31,2.511
AAPL,apple,United States,2015-12-31,2.404
AAPL,apple,United States,2015-09-30,2.220
AAPL,apple,United States,2015-06-30,2.034
AAPL,apple,United States,2015-03-31,1.918
AAPL,apple,United States,2014-12-31,1.895
AAPL,apple,United States,2014-09-30,1.686
AAPL,apple,United States,2014-06-30,1.603
AAPL,apple,United States,2014-03-31,1.422
AAPL,apple,United States,2013-12-31,1.330
AAPL,apple,United States,2013-09-30,1.168
AAPL,apple,United States,2013-06-30,1.178
AAPL,apple,United States,2013-03-31,1.119
AAPL,apple,United States,2012-12-31,1.010
AAPL,apple,United States,2012-09-30,0.906
AAPL,apple,United States,2012-06-30,0.876
AAPL,apple,United States,2012-03-31,0.841
AAPL,apple,United States,2011-12-31,0.758
AAPL,apple,United States,2011-09-30,0.645
AAPL,apple,United States,2011-06-30,0.628
MSFT,microsoft,United States,2026-03-31,8.915
MSFT,microsoft,United States,2025-12-31,8.504
MSFT,microsoft,United States,2025-09-30,8.146
MSFT,microsoft,United States,2025-06-30,8.829
MSFT,microsoft,United States,2025-03-31,8.198
MSFT,microsoft,United States,2024-12-31,7.917
MSFT,microsoft,United States,2024-09-30,7.544
MSFT,microsoft,United States,2024-06-30,8.056
MSFT,microsoft,United States,2024-03-31,7.653
MSFT,microsoft,United States,2023-12-31,7.142
MSFT,microsoft,United States,2023-09-30,6.659
MSFT,microsoft,United States,2023-06-30,6.739
MSFT,microsoft,United States,2023-03-31,6.984
MSFT,microsoft,United States,2022-12-31,6.844
MSFT,microsoft,United States,2022-09-30,6.628
MSFT,microsoft,United States,2022-06-30,6.849
MSFT,microsoft,United States,2022-03-31,6.306
MSFT,microsoft,United States,2021-12-31,5.758
MSFT,microsoft,United States,2021-09-30,5.599
MSFT,microsoft,United States,2021-06-30,5.687
MSFT,microsoft,United States,2021-03-31,5.204
MSFT,microsoft,United States,2020-12-31,4.899
MSFT,microsoft,United States,2020-09-30,4.926
MSFT,microsoft,United States,2020-06-30,5.214
MSFT,microsoft,United States,2020-03-31,4.887
MSFT,microsoft,United States,2019-12-31,4.603
MSFT,microsoft,United States,2019-09-30,4.565
MSFT,microsoft,United States,2019-06-30,4.513
MSFT,microsoft,United States,2019-03-31,4.316
MSFT,microsoft,United States,2018-12-31,4.070
MSFT,microsoft,United States,2018-09-30,3.977
MSFT,microsoft,United States,2018-06-30,3.933
MSFT,microsoft,United States,2018-03-31,3.715
MSFT,microsoft,United States,2017-12-31,3.504
MSFT,microsoft,United States,2017-09-30,3.574
MSFT,microsoft,United States,2017-06-30,3.514
MSFT,microsoft,United States,2017-03-31,3.355
MSFT,microsoft,United States,2016-12-31,3.062
MSFT,microsoft,United States,2016-09-30,3.106
MSFT,microsoft,United States,2016-06-30,3.146
MSFT,microsoft,United States,2016-03-31,2.980
MSFT,microsoft,United States,2015-12-31,2.900
MSFT,microsoft,United States,2015-09-30,2.962
MSFT,microsoft,United States,2015-06-30,3.094
MSFT,microsoft,United States,2015-03-31,2.984
MSFT,microsoft,United States,2014-12-31,2.903
MSFT,microsoft,United States,2014-09-30,3.065
MSFT,microsoft,United States,2014-06-30,3.123
MSFT,microsoft,United States,2014-03-31,2.743
MSFT,microsoft,United States,2013-12-31,2.748
MSFT,microsoft,United States,2013-09-30,2.767
MSFT,microsoft,United States,2013-06-30,2.783
MSFT,microsoft,United States,2013-03-31,2.640
MSFT,microsoft,United States,2012-12-31,2.528
MSFT,microsoft,United States,2012-09-30,2.460
MSFT,microsoft,United States,2012-06-30,2.594
MSFT,microsoft,United States,2012-03-31,2.517
MSFT,microsoft,United States,2011-12-31,2.371
MSFT,microsoft,United States,2011-09-30,2.329
MSFT,microsoft,United States,2011-06-30,2.393
VWAGY,volkswagen-group,Germany,2015-12-31,0.000
VWAGY,volkswagen-group,Germany,2015-09-30,0.000
VWAGY,volkswagen-group,Germany,2015-06-30,0.000
VWAGY,volkswagen-group,Germany,2015-03-31,0.000
VWAGY,volkswagen-group,Germany,2014-12-31,0.000
VWAGY,volkswagen-group,Germany,2014-09-30,0.000
VWAGY,volkswagen-group,Germany,2014-06-30,0.000
VWAGY,volkswagen-group,Germany,2014-03-31,0.000
VWAGY,volkswagen-group,Germany,2013-12-31,0.000
VWAGY,volkswagen-group,Germany,2013-09-30,0.000
VWAGY,volkswagen-group,Germany,2013-06-30,0.000
VWAGY,volkswagen-group,Germany,2013-03-31,0.000
VWAGY,volkswagen-group,Germany,2012-12-31,0.000
VWAGY,volkswagen-group,Germany,2012-09-30,0.000
VWAGY,volkswagen-group,Germany,2012-06-30,0.000
VWAGY,volkswagen-group,Germany,2012-03-31,0.000
VWAGY,volkswagen-group,Germany,2011-12-31,0.000
VWAGY,volkswagen-group,Germany,2011-09-30,0.000
VWAGY,volkswagen-group,Germany,2011-06-30,0.000
INTC,intel,United States,2026-03-31,3.375
INTC,intel,United States,2025-12-31,3.219
INTC,intel,United States,2025-09-30,3.231
INTC,intel,United States,2025-06-30,3.684
INTC,intel,United States,2025-03-31,3.640
INTC,intel,United States,2024-12-31,3.876
INTC,intel,United States,2024-09-30,4.049
INTC,intel,United States,2024-06-30,4.239
INTC,intel,United States,2024-03-31,4.382
INTC,intel,United States,2023-12-31,3.987
INTC,intel,United States,2023-09-30,3.870
INTC,intel,United States,2023-06-30,4.080
INTC,intel,United States,2023-03-31,4.109
INTC,intel,United States,2022-12-31,4.464
INTC,intel,United States,2022-09-30,4.302
INTC,intel,United States,2022-06-30,4.400
INTC,intel,United States,2022-03-31,4.362
INTC,intel,United States,2021-12-31,4.049
INTC,intel,United States,2021-09-30,3.803
INTC,intel,United States,2021-06-30,3.715
INTC,intel,United States,2021-03-31,3.623
INTC,intel,United States,2020-12-31,3.655
INTC,intel,United States,2020-09-30,3.272
INTC,intel,United States,2020-06-30,3.354
INTC,intel,United States,2020-03-31,3.275
INTC,intel,United States,2019-12-31,3.384
INTC,intel,United States,2019-09-30,3.208
INTC,intel,United States,2019-06-30,3.438
INTC,intel,United States,2019-03-31,3.332
INTC,intel,United States,2018-12-31,3.433
INTC,intel,United States,2018-09-30,3.428
INTC,intel,United States,2018-06-30,3.371
INTC,intel,United States,2018-03-31,3.311
INTC,intel,United States,2017-12-31,3.253
INTC,intel,United States,2017-09-30,3.209
INTC,intel,United States,2017-06-30,3.262
INTC,intel,United States,2017-03-31,3.311
INTC,intel,United States,2016-12-31,3.225
INTC,intel,United States,2016-09-30,3.069
INTC,intel,United States,2016-06-30,3.145
INTC,intel,United States,2016-03-31,3.246
INTC,intel,United States,2015-12-31,3.119
INTC,intel,United States,2015-09-30,2.927
INTC,intel,United States,2015-06-30,3.087
INTC,intel,United States,2015-03-31,2.995
INTC,intel,United States,2014-12-31,2.990
INTC,intel,United States,2014-09-30,2.842
INTC,intel,United States,2014-06-30,2.859
INTC,intel,United States,2014-03-31,2.846
INTC,intel,United States,2013-12-31,2.826
INTC,intel,United States,2013-09-30,2.742
INTC,intel,United States,2013-06-30,2.516
INTC,intel,United States,2013-03-31,2.527
INTC,intel,United States,2012-12-31,2.629
INTC,intel,United States,2012-09-30,2.605
INTC,intel,United States,2012-06-30,2.513
INTC,intel,United States,2012-03-31,2.401
INTC,intel,United States,2011-12-31,2.308
INTC,intel,United States,2011-09-30,2.140
INTC,intel,United States,2011-06-30,1.986
JNJ,johnson-johnson,United States,2026-03-31,3.527
JNJ,johnson-johnson,United States,2025-12-31,4.252
JNJ,johnson-johnson,United States,2025-09-30,3.672
JNJ,johnson-johnson,United States,2025-06-30,3.516
JNJ,johnson-johnson,United States,2025-03-31,3.225
JNJ,johnson-johnson,United States,2024-12-31,5.298
JNJ,johnson-johnson,United States,2024-09-30,4.952
JNJ,johnson-johnson,United States,2024-06-30,3.440
JNJ,johnson-johnson,United States,2024-03-31,3.542
JNJ,johnson-johnson,United States,2023-12-31,4.480
JNJ,johnson-johnson,United States,2023-09-30,3.447
JNJ,johnson-johnson,United States,2023-06-30,3.703
JNJ,johnson-johnson,United States,2023-03-31,3.455
JNJ,johnson-johnson,United States,2022-12-31,3.485
JNJ,johnson-johnson,United States,2022-09-30,3.485
JNJ,johnson-johnson,United States,2022-06-30,3.703
JNJ,johnson-johnson,United States,2022-03-31,3.462
JNJ,johnson-johnson,United States,2021-12-31,4.283
JNJ,johnson-johnson,United States,2021-09-30,3.422
JNJ,johnson-johnson,United States,2021-06-30,3.394
JNJ,johnson-johnson,United States,2021-03-31,3.178
JNJ,johnson-johnson,United States,2020-12-31,4.032
JNJ,johnson-johnson,United States,2020-09-30,2.840
JNJ,johnson-johnson,United States,2020-06-30,2.707
JNJ,johnson-johnson,United States,2020-03-31,2.580
JNJ,johnson-johnson,United States,2019-12-31,3.232
JNJ,johnson-johnson,United States,2019-09-30,2.599
JNJ,johnson-johnson,United States,2019-06-30,2.666
JNJ,johnson-johnson,United States,2019-03-31,2.858
JNJ,johnson-johnson,United States,2018-12-31,3.224
JNJ,johnson-johnson,United States,2018-09-30,2.508
JNJ,johnson-johnson,United States,2018-06-30,2.639
JNJ,johnson-johnson,United States,2018-03-31,2.404
JNJ,johnson-johnson,United States,2017-12-31,3.643
JNJ,johnson-johnson,United States,2017-09-30,2.585
JNJ,johnson-johnson,United States,2017-06-30,2.296
JNJ,johnson-johnson,United States,2017-03-31,2.070
JNJ,johnson-johnson,United States,2016-12-31,2.688
JNJ,johnson-johnson,United States,2016-09-30,2.178
JNJ,johnson-johnson,United States,2016-06-30,2.264
JNJ,johnson-johnson,United States,2016-03-31,2.013
JNJ,johnson-johnson,United States,2015-12-31,2.864
JNJ,johnson-johnson,United States,2015-09-30,2.154
JNJ,johnson-johnson,United States,2015-06-30,2.129
JNJ,johnson-johnson,United States,2015-03-31,1.899
JNJ,johnson-johnson,United States,2014-12-31,2.635
JNJ,johnson-johnson,United States,2014-09-30,2.023
JNJ,johnson-johnson,United States,2014-06-30,2.005
JNJ,johnson-johnson,United States,2014-03-31,1.831
JNJ,johnson-johnson,United States,2013-12-31,2.411
JNJ,johnson-johnson,United States,2013-09-30,2.042
JNJ,johnson-johnson,United States,2013-06-30,1.946
JNJ,johnson-johnson,United States,2013-03-31,1.784
JNJ,johnson-johnson,United States,2012-12-31,2.331
JNJ,johnson-johnson,United States,2012-09-30,1.923
JNJ,johnson-johnson,United States,2012-06-30,1.766
JNJ,johnson-johnson,United States,2012-03-31,1.645
JNJ,johnson-johnson,United States,2011-12-31,2.155
JNJ,johnson-johnson,United States,2011-09-30,1.773
JNJ,johnson-johnson,United States,2011-06-30,1.882
MRK,merck,United States,2026-03-31,12.592
MRK,merck,United States,2025-12-31,3.886
MRK,merck,United States,2025-09-30,4.234
MRK,merck,United States,2025-06-30,4.048
MRK,merck,United States,2025-03-31,3.621
MRK,merck,United States,2024-12-31,4.584
MRK,merck,United States,2024-09-30,5.862
MRK,merck,United States,2024-06-30,3.500
MRK,merck,United States,2024-03-31,3.992
MRK,merck,United States,2023-12-31,9.627
MRK,merck,United States,2023-09-30,3.307
MRK,merck,United States,2023-06-30,13.321
MRK,merck,United States,2023-03-31,4.276
MRK,merck,United States,2022-12-31,3.775
MRK,merck,United States,2022-09-30,4.399
MRK,merck,United States,2022-06-30,2.798
MRK,merck,United States,2022-03-31,2.576
MRK,merck,United States,2021-12-31,3.067
MRK,merck,United States,2021-09-30,2.445
MRK,merck,United States,2021-06-30,4.321
MRK,merck,United States,2021-03-31,2.412
MRK,merck,United States,2020-12-31,5.754
MRK,merck,United States,2020-09-30,3.349
MRK,merck,United States,2020-06-30,2.085
MRK,merck,United States,2020-03-31,2.209
MRK,merck,United States,2019-12-31,2.400
MRK,merck,United States,2019-09-30,3.204
MRK,merck,United States,2019-06-30,2.189
MRK,merck,United States,2019-03-31,1.931
MRK,merck,United States,2018-12-31,2.214
MRK,merck,United States,2018-09-30,2.068
MRK,merck,United States,2018-06-30,2.274
MRK,merck,United States,2018-03-31,3.196
MRK,merck,United States,2017-12-31,2.314
MRK,merck,United States,2017-09-30,4.413
MRK,merck,United States,2017-06-30,1.782
MRK,merck,United States,2017-03-31,1.830
MRK,merck,United States,2016-12-31,4.787
MRK,merck,United States,2016-09-30,1.664
MRK,merck,United States,2016-06-30,2.151
MRK,merck,United States,2016-03-31,1.659
MRK,merck,United States,2015-12-31,1.797
MRK,merck,United States,2015-09-30,1.500
MRK,merck,United States,2015-06-30,1.670
MRK,merck,United States,2015-03-31,1.737
MRK,merck,United States,2014-12-31,2.283
MRK,merck,United States,2014-09-30,1.659
MRK,merck,United States,2014-06-30,1.664
MRK,merck,United States,2014-03-31,1.574
MRK,merck,United States,2013-12-31,1.835
MRK,merck,United States,2013-09-30,1.660
MRK,merck,United States,2013-06-30,2.101
MRK,merck,United States,2013-03-31,1.907
MRK,merck,United States,2012-12-31,2.223
MRK,merck,United States,2012-09-30,1.918
MRK,merck,United States,2012-06-30,2.165
MRK,merck,United States,2012-03-31,1.862
MRK,merck,United States,2011-12-31,2.419
MRK,merck,United States,2011-09-30,1.954
MRK,merck,United States,2011-06-30,1.936
PFE,pfizer,United States,2026-03-31,2.490
PFE,pfizer,United States,2025-12-31,3.206
PFE,pfizer,United States,2025-09-30,2.546
PFE,pfizer,United States,2025-06-30,2.482
PFE,pfizer,United States,2025-03-31,2.203
PFE,pfizer,United States,2024-12-31,3.035
PFE,pfizer,United States,2024-09-30,2.598
PFE,pfizer,United States,2024-06-30,2.696
PFE,pfizer,United States,2024-03-31,2.493
PFE,pfizer,United States,2023-12-31,2.815
PFE,pfizer,United States,2023-09-30,2.711
PFE,pfizer,United States,2023-06-30,2.648
PFE,pfizer,United States,2023-03-31,2.505
PFE,pfizer,United States,2022-12-31,3.616
PFE,pfizer,United States,2022-09-30,2.696
PFE,pfizer,United States,2022-06-30,2.815
PFE,pfizer,United States,2022-03-31,2.301
PFE,pfizer,United States,2021-12-31,3.446
PFE,pfizer,United States,2021-09-30,2.681
PFE,pfizer,United States,2021-06-30,2.239
PFE,pfizer,United States,2021-03-31,1.994
PFE,pfizer,United States,2020-12-31,2.659
PFE,pfizer,United States,2020-09-30,2.300
PFE,pfizer,United States,2020-06-30,2.078
PFE,pfizer,United States,2020-03-31,1.672
PFE,pfizer,United States,2019-12-31,2.557
PFE,pfizer,United States,2019-09-30,2.283
PFE,pfizer,United States,2019-06-30,1.842
PFE,pfizer,United States,2019-03-31,1.703
PFE,pfizer,United States,2018-12-31,2.212
PFE,pfizer,United States,2018-09-30,2.008
PFE,pfizer,United States,2018-06-30,1.797
PFE,pfizer,United States,2018-03-31,1.743
PFE,pfizer,United States,2017-12-31,2.315
PFE,pfizer,United States,2017-09-30,1.865
PFE,pfizer,United States,2017-06-30,1.787
PFE,pfizer,United States,2017-03-31,1.716
PFE,pfizer,United States,2016-12-31,2.532
PFE,pfizer,United States,2016-09-30,1.881
PFE,pfizer,United States,2016-06-30,1.748
PFE,pfizer,United States,2016-03-31,1.731
PFE,pfizer,United States,2015-12-31,2.349
PFE,pfizer,United States,2015-09-30,1.722
PFE,pfizer,United States,2015-06-30,1.734
PFE,pfizer,United States,2015-03-31,1.885
PFE,pfizer,United States,2014-12-31,3.209
PFE,pfizer,United States,2014-09-30,1.802
PFE,pfizer,United States,2014-06-30,1.759
PFE,pfizer,United States,2014-03-31,1.623
PFE,pfizer,United States,2013-12-31,1.811
PFE,pfizer,United States,2013-09-30,1.627
PFE,pfizer,United States,2013-06-30,1.530
PFE,pfizer,United States,2013-03-31,1.710
PFE,pfizer,United States,2012-12-31,1.933
PFE,pfizer,United States,2012-09-30,1.887
PFE,pfizer,United States,2012-06-30,1.600
PFE,pfizer,United States,2012-03-31,2.062
PFE,pfizer,United States,2011-12-31,2.183
PFE,pfizer,United States,2011-09-30,2.176
PFE,pfizer,United States,2011-06-30,2.231
NVS,novartis-ag,Switzerland,2026-03-31,2.740
NVS,novartis-ag,Switzerland,2025-12-31,3.163
NVS,novartis-ag,Switzerland,2025-09-30,2.944
NVS,novartis-ag,Switzerland,2025-06-30,2.727
NVS,novartis-ag,Switzerland,2025-03-31,2.366
NVS,novartis-ag,Switzerland,2024-12-31,2.842
NVS,novartis-ag,Switzerland,2024-09-30,2.392
NVS,novartis-ag,Switzerland,2024-06-30,2.367
NVS,novartis-ag,Switzerland,2024-03-31,2.421
NVS,novartis-ag,Switzerland,2023-12-31,2.567
NVS,novartis-ag,Switzerland,2023-09-30,3.925
NVS,novartis-ag,Switzerland,2023-06-30,2.304
NVS,novartis-ag,Switzerland,2023-03-31,2.575
NVS,novartis-ag,Switzerland,2022-12-31,1.812
NVS,novartis-ag,Switzerland,2022-09-30,2.542
NVS,novartis-ag,Switzerland,2022-06-30,2.498
NVS,novartis-ag,Switzerland,2022-03-31,2.320
NVS,novartis-ag,Switzerland,2021-12-31,2.409
NVS,novartis-ag,Switzerland,2021-09-30,2.380
NVS,novartis-ag,Switzerland,2021-06-30,2.400
NVS,novartis-ag,Switzerland,2021-03-31,2.351
NVS,novartis-ag,Switzerland,2020-12-31,2.333
NVS,novartis-ag,Switzerland,2020-09-30,2.146
NVS,novartis-ag,Switzerland,2020-06-30,2.441
NVS,novartis-ag,Switzerland,2020-03-31,2.060
NVS,novartis-ag,Switzerland,2019-12-31,2.853
NVS,novartis-ag,Switzerland,2019-09-30,2.199
NVS,novartis-ag,Switzerland,2019-06-30,2.051
NVS,novartis-ag,Switzerland,2019-03-31,2.299
NVS,novartis-ag,Switzerland,2018-12-31,2.234
NVS,novartis-ag,Switzerland,2018-09-30,2.147
NVS,novartis-ag,Switzerland,2018-06-30,2.276
NVS,novartis-ag,Switzerland,2018-03-31,2.120
NVS,novartis-ag,Switzerland,2017-12-31,2.502
NVS,novartis-ag,Switzerland,2017-09-30,2.239
NVS,novartis-ag,Switzerland,2017-06-30,2.062
NVS,novartis-ag,Switzerland,2017-03-31,2.169
NVS,novartis-ag,Switzerland,2016-12-31,2.584
NVS,novartis-ag,Switzerland,2016-09-30,2.224
NVS,novartis-ag,Switzerland,2016-06-30,2.190
NVS,novartis-ag,Switzerland,2016-03-31,2.041
NVS,novartis-ag,Switzerland,2015-12-31,2.472
NVS,novartis-ag,Switzerland,2015-09-30,2.190
NVS,novartis-ag,Switzerland,2015-06-30,2.206
NVS,novartis-ag,Switzerland,2015-03-31,2.067
NVS,novartis-ag,Switzerland,2014-12-31,2.537
NVS,novartis-ag,Switzerland,2014-09-30,2.161
NVS,novartis-ag,Switzerland,2014-06-30,2.178
NVS,novartis-ag,Switzerland,2014-03-31,2.210
NVS,novartis-ag,Switzerland,2013-12-31,2.311
NVS,novartis-ag,Switzerland,2013-09-30,2.216
NVS,novartis-ag,Switzerland,2013-06-30,2.247
NVS,novartis-ag,Switzerland,2013-03-31,2.297
NVS,novartis-ag,Switzerland,2012-12-31,1.877
NVS,novartis-ag,Switzerland,2012-09-30,2.191
NVS,novartis-ag,Switzerland,2012-06-30,2.285
NVS,novartis-ag,Switzerland,2012-03-31,2.235
NVS,novartis-ag,Switzerland,2011-12-31,2.523
NVS,novartis-ag,Switzerland,2011-09-30,2.475
NVS,novartis-ag,Switzerland,2011-06-30,2.397
AZN,astrazeneca,United Kingdom,2026-03-31,3.492
AZN,astrazeneca,United Kingdom,2025-12-31,3.862
AZN,astrazeneca,United Kingdom,2025-09-30,3.663
AZN,astrazeneca,United Kingdom,2025-06-30,3.548
AZN,astrazeneca,United Kingdom,2025-03-31,3.159
AZN,astrazeneca,United Kingdom,2024-12-31,4.677
AZN,astrazeneca,United Kingdom,2024-09-30,3.115
AZN,astrazeneca,United Kingdom,2024-06-30,3.008
AZN,astrazeneca,United Kingdom,2024-03-31,2.783
AZN,astrazeneca,United Kingdom,2023-12-31,3.073
AZN,astrazeneca,United Kingdom,2023-09-30,2.584
AZN,astrazeneca,United Kingdom,2023-06-30,2.667
AZN,astrazeneca,United Kingdom,2023-03-31,2.611
AZN,astrazeneca,United Kingdom,2022-12-31,2.625
AZN,astrazeneca,United Kingdom,2022-09-30,2.458
AZN,astrazeneca,United Kingdom,2022-06-30,2.546
AZN,astrazeneca,United Kingdom,2022-03-31,2.133
AZN,astrazeneca,United Kingdom,2021-12-31,2.584
AZN,astrazeneca,United Kingdom,2021-09-30,3.610
AZN,astrazeneca,United Kingdom,2021-06-30,1.829
AZN,astrazeneca,United Kingdom,2021-03-31,1.713
AZN,astrazeneca,United Kingdom,2020-12-31,1.719
AZN,astrazeneca,United Kingdom,2020-09-30,1.495
AZN,astrazeneca,United Kingdom,2020-06-30,1.389
AZN,astrazeneca,United Kingdom,2020-03-31,1.388
AZN,astrazeneca,United Kingdom,2019-12-31,2.091
AZN,astrazeneca,United Kingdom,2019-09-30,1.346
AZN,astrazeneca,United Kingdom,2019-06-30,1.356
AZN,astrazeneca,United Kingdom,2019-03-31,1.266
AZN,astrazeneca,United Kingdom,2018-12-31,2.012
AZN,astrazeneca,United Kingdom,2018-09-30,1.279
AZN,astrazeneca,United Kingdom,2018-06-30,1.362
AZN,astrazeneca,United Kingdom,2018-03-31,1.279
AZN,astrazeneca,United Kingdom,2017-12-31,1.551
AZN,astrazeneca,United Kingdom,2017-09-30,1.404
AZN,astrazeneca,United Kingdom,2017-06-30,1.349
AZN,astrazeneca,United Kingdom,2017-03-31,1.453
AZN,astrazeneca,United Kingdom,2016-12-31,1.543
AZN,astrazeneca,United Kingdom,2016-09-30,1.402
AZN,astrazeneca,United Kingdom,2016-06-30,1.465
AZN,astrazeneca,United Kingdom,2016-03-31,1.480
AZN,astrazeneca,United Kingdom,2015-12-31,1.746
AZN,astrazeneca,United Kingdom,2015-09-30,1.429
AZN,astrazeneca,United Kingdom,2015-06-30,1.466
AZN,astrazeneca,United Kingdom,2015-03-31,1.356
AZN,astrazeneca,United Kingdom,2014-12-31,1.499
AZN,astrazeneca,United Kingdom,2014-09-30,1.552
AZN,astrazeneca,United Kingdom,2014-06-30,1.328
AZN,astrazeneca,United Kingdom,2014-03-31,1.200
AZN,astrazeneca,United Kingdom,2013-12-31,1.429
AZN,astrazeneca,United Kingdom,2013-09-30,0.858
AZN,astrazeneca,United Kingdom,2013-06-30,1.275
AZN,astrazeneca,United Kingdom,2013-03-31,1.259
AZN,astrazeneca,United Kingdom,2012-12-31,1.320
AZN,astrazeneca,United Kingdom,2012-09-30,1.204
AZN,astrazeneca,United Kingdom,2012-06-30,1.189
AZN,astrazeneca,United Kingdom,2012-03-31,1.530
AZN,astrazeneca,United Kingdom,2011-12-31,1.867
AZN,astrazeneca,United Kingdom,2011-09-30,1.296
AZN,astrazeneca,United Kingdom,2011-06-30,1.198
BMY,bristol-myers-squibb,United States,2026-03-31,2.649
BMY,bristol-myers-squibb,United States,2025-12-31,2.586
BMY,bristol-myers-squibb,United States,2025-09-30,2.528
BMY,bristol-myers-squibb,United States,2025-06-30,2.580
BMY,bristol-myers-squibb,United States,2025-03-31,2.257
BMY,bristol-myers-squibb,United States,2024-12-31,3.191
BMY,bristol-myers-squibb,United States,2024-09-30,2.374
BMY,bristol-myers-squibb,United States,2024-06-30,2.899
BMY,bristol-myers-squibb,United States,2024-03-31,2.695
BMY,bristol-myers-squibb,United States,2023-12-31,2.478
BMY,bristol-myers-squibb,United States,2023-09-30,2.242
BMY,bristol-myers-squibb,United States,2023-06-30,2.258
BMY,bristol-myers-squibb,United States,2023-03-31,2.321
BMY,bristol-myers-squibb,United States,2022-12-31,2.510
BMY,bristol-myers-squibb,United States,2022-09-30,2.418
BMY,bristol-myers-squibb,United States,2022-06-30,2.321
BMY,bristol-myers-squibb,United States,2022-03-31,2.260
BMY,bristol-myers-squibb,United States,2021-12-31,2.518
BMY,bristol-myers-squibb,United States,2021-09-30,2.980
BMY,bristol-myers-squibb,United States,2021-06-30,2.478
BMY,bristol-myers-squibb,United States,2021-03-31,2.219
BMY,bristol-myers-squibb,United States,2020-12-31,2.655
BMY,bristol-myers-squibb,United States,2020-09-30,2.499
BMY,bristol-myers-squibb,United States,2020-06-30,2.522
BMY,bristol-myers-squibb,United States,2020-03-31,2.372
BMY,bristol-myers-squibb,United States,2019-12-31,2.097
BMY,bristol-myers-squibb,United States,2019-09-30,1.378
BMY,bristol-myers-squibb,United States,2019-06-30,1.325
BMY,bristol-myers-squibb,United States,2019-03-31,1.348
BMY,bristol-myers-squibb,United States,2018-12-31,1.367
BMY,bristol-myers-squibb,United States,2018-09-30,1.280
BMY,bristol-myers-squibb,United States,2018-06-30,2.435
BMY,bristol-myers-squibb,United States,2018-03-31,1.250
BMY,bristol-myers-squibb,United States,2017-12-31,1.925
BMY,bristol-myers-squibb,United States,2017-09-30,1.561
BMY,bristol-myers-squibb,United States,2017-06-30,1.679
BMY,bristol-myers-squibb,United States,2017-03-31,1.303
BMY,bristol-myers-squibb,United States,2016-12-31,1.472
BMY,bristol-myers-squibb,United States,2016-09-30,1.138
BMY,bristol-myers-squibb,United States,2016-06-30,1.266
BMY,bristol-myers-squibb,United States,2016-03-31,1.136
BMY,bristol-myers-squibb,United States,2015-12-31,1.916
BMY,bristol-myers-squibb,United States,2015-09-30,1.132
BMY,bristol-myers-squibb,United States,2015-06-30,1.856
BMY,bristol-myers-squibb,United States,2015-03-31,1.016
BMY,bristol-myers-squibb,United States,2014-12-31,1.189
BMY,bristol-myers-squibb,United States,2014-09-30,0.983
BMY,bristol-myers-squibb,United States,2014-06-30,1.416
BMY,bristol-myers-squibb,United States,2014-03-31,0.946
BMY,bristol-myers-squibb,United States,2013-12-31,0.957
BMY,bristol-myers-squibb,United States,2013-09-30,0.893
BMY,bristol-myers-squibb,United States,2013-06-30,0.951
BMY,bristol-myers-squibb,United States,2013-03-31,0.930
BMY,bristol-myers-squibb,United States,2012-12-31,1.082
BMY,bristol-myers-squibb,United States,2012-09-30,0.951
BMY,bristol-myers-squibb,United States,2012-06-30,0.962
BMY,bristol-myers-squibb,United States,2012-03-31,0.909
BMY,bristol-myers-squibb,United States,2011-12-31,1.008
BMY,bristol-myers-squibb,United States,2011-09-30,0.973
BMY,bristol-myers-squibb,United States,2011-06-30,0.923
TCEHY,tencent,China,2015-12-31,0.000
TCEHY,tencent,China,2014-06-30,0.000
TCEHY,tencent,China,2013-12-31,0.000
TCEHY,tencent,China,2012-12-31,0.000
TCEHY,tencent,China,2012-06-30,0.000
QCOM,qualcomm,United States,2026-03-31,2.463
QCOM,qualcomm,United States,2025-12-31,2.453
QCOM,qualcomm,United States,2025-09-30,2.370
QCOM,qualcomm,United States,2025-06-30,2.226
QCOM,qualcomm,United States,2025-03-31,2.216
QCOM,qualcomm,United States,2024-12-31,2.230
QCOM,qualcomm,United States,2024-09-30,2.302
QCOM,qualcomm,United States,2024-06-30,2.259
QCOM,qualcomm,United States,2024-03-31,2.236
QCOM,qualcomm,United States,2023-12-31,2.096
QCOM,qualcomm,United States,2023-09-30,2.135
QCOM,qualcomm,United States,2023-06-30,2.222
QCOM,qualcomm,United States,2023-03-31,2.210
QCOM,qualcomm,United States,2022-12-31,2.251
QCOM,qualcomm,United States,2022-09-30,2.178
QCOM,qualcomm,United States,2022-06-30,2.052
QCOM,qualcomm,United States,2022-03-31,2.034
QCOM,qualcomm,United States,2021-12-31,1.930
QCOM,qualcomm,United States,2021-09-30,1.879
QCOM,qualcomm,United States,2021-06-30,1.864
QCOM,qualcomm,United States,2021-03-31,1.780
QCOM,qualcomm,United States,2020-12-31,1.653
QCOM,qualcomm,United States,2020-09-30,1.581
QCOM,qualcomm,United States,2020-06-30,1.520
QCOM,qualcomm,United States,2020-03-31,1.468
QCOM,qualcomm,United States,2019-12-31,1.406
QCOM,qualcomm,United States,2019-09-30,1.441
QCOM,qualcomm,United States,2019-06-30,1.380
QCOM,qualcomm,United States,2019-03-31,1.308
QCOM,qualcomm,United States,2018-12-31,1.269
QCOM,qualcomm,United States,2018-09-30,1.387
QCOM,qualcomm,United States,2018-06-30,1.416
QCOM,qualcomm,United States,2018-03-31,1.402
QCOM,qualcomm,United States,2017-12-31,1.420
QCOM,qualcomm,United States,2017-09-30,1.397
QCOM,qualcomm,United States,2017-06-30,1.391
QCOM,qualcomm,United States,2017-03-31,1.386
QCOM,qualcomm,United States,2016-12-31,1.311
QCOM,qualcomm,United States,2016-09-30,1.230
QCOM,qualcomm,United States,2016-06-30,1.268
QCOM,qualcomm,United States,2016-03-31,1.301
QCOM,qualcomm,United States,2015-12-31,1.352
QCOM,qualcomm,United States,2015-09-30,1.356
QCOM,qualcomm,United States,2015-06-30,1.407
QCOM,qualcomm,United States,2015-03-31,1.375
QCOM,qualcomm,United States,2014-12-31,1.352
QCOM,qualcomm,United States,2014-09-30,1.364
QCOM,qualcomm,United States,2014-06-30,1.429
QCOM,qualcomm,United States,2014-03-31,1.356
QCOM,qualcomm,United States,2013-12-31,1.328
QCOM,qualcomm,United States,2013-09-30,1.349
QCOM,qualcomm,United States,2013-06-30,1.298
QCOM,qualcomm,United States,2013-03-31,1.214
QCOM,qualcomm,United States,2012-12-31,1.106
QCOM,qualcomm,United States,2012-09-30,1.114
QCOM,qualcomm,United States,2012-06-30,0.974
QCOM,qualcomm,United States,2012-03-31,0.954
QCOM,qualcomm,United States,2011-12-31,0.873
QCOM,qualcomm,United States,2011-09-30,0.851
QCOM,qualcomm,United States,2011-06-30,0.757
BABA,alibaba-group,China,2026-03-31,2.936
BABA,alibaba-group,China,2025-12-31,2.214
BABA,alibaba-group,China,2025-09-30,2.401
BABA,alibaba-group,China,2025-06-30,2.094
BABA,alibaba-group,China,2025-03-31,2.007
BABA,alibaba-group,China,2024-12-31,2.009
BABA,alibaba-group,China,2024-09-30,2.020
BABA,alibaba-group,China,2024-06-30,1.840
BABA,alibaba-group,China,2024-03-31,1.945
BABA,alibaba-group,China,2023-12-31,1.900
BABA,alibaba-group,China,2023-09-30,1.949
BABA,alibaba-group,China,2023-06-30,1.443
BABA,alibaba-group,China,2023-03-31,2.054
BABA,alibaba-group,China,2022-12-31,1.960
BABA,alibaba-group,China,2022-09-30,2.130
BABA,alibaba-group,China,2022-06-30,2.119
BABA,alibaba-group,China,2022-03-31,1.816
BABA,alibaba-group,China,2021-12-31,2.465
BABA,alibaba-group,China,2021-09-30,2.374
BABA,alibaba-group,China,2021-06-30,2.094
BABA,alibaba-group,China,2021-03-31,2.247
BABA,alibaba-group,China,2020-12-31,2.086
BABA,alibaba-group,China,2020-09-30,2.834
BABA,alibaba-group,China,2020-06-30,1.569
BABA,alibaba-group,China,2020-03-31,1.438
BABA,alibaba-group,China,2019-12-31,1.591
BABA,alibaba-group,China,2019-09-30,1.530
BABA,alibaba-group,China,2019-06-30,1.526
BABA,alibaba-group,China,2019-03-31,1.326
BABA,alibaba-group,China,2018-12-31,1.295
BABA,alibaba-group,China,2018-09-30,1.218
BABA,alibaba-group,China,2018-06-30,1.739
BABA,alibaba-group,China,2018-03-31,1.204
BABA,alibaba-group,China,2017-12-31,0.967
BABA,alibaba-group,China,2017-09-30,0.764
BABA,alibaba-group,China,2017-06-30,0.693
BABA,alibaba-group,China,2017-03-31,0.623
BABA,alibaba-group,China,2016-12-31,0.636
BABA,alibaba-group,China,2016-09-30,0.620
BABA,alibaba-group,China,2016-06-30,0.600
BABA,alibaba-group,China,2016-03-31,0.529
BABA,alibaba-group,China,2015-12-31,0.579
BABA,alibaba-group,China,2015-09-30,0.507
BABA,alibaba-group,China,2015-06-30,0.523
BABA,alibaba-group,China,2015-03-31,0.487
BABA,alibaba-group,China,2014-12-31,0.497
BABA,alibaba-group,China,2014-09-30,0.421
BABA,alibaba-group,China,2014-06-30,0.315
BABA,alibaba-group,China,2013-12-31,0.279
NVDA,nvidia,United States,2026-04-30,6.321
NVDA,nvidia,United States,2026-01-31,5.512
NVDA,nvidia,United States,2025-10-31,4.705
NVDA,nvidia,United States,2025-07-31,4.291
NVDA,nvidia,United States,2025-04-30,3.989
NVDA,nvidia,United States,2025-01-31,3.714
NVDA,nvidia,United States,2024-10-31,3.390
NVDA,nvidia,United States,2024-07-31,3.090
NVDA,nvidia,United States,2024-04-30,2.720
NVDA,nvidia,United States,2024-01-31,2.466
NVDA,nvidia,United States,2023-10-31,2.294
NVDA,nvidia,United States,2023-07-31,2.040
NVDA,nvidia,United States,2023-04-30,1.875
NVDA,nvidia,United States,2023-01-31,1.952
NVDA,nvidia,United States,2022-10-31,1.945
NVDA,nvidia,United States,2022-07-31,1.824
NVDA,nvidia,United States,2022-04-30,1.618
NVDA,nvidia,United States,2022-01-31,1.467
NVDA,nvidia,United States,2021-10-31,1.403
NVDA,nvidia,United States,2021-07-31,1.245
NVDA,nvidia,United States,2021-04-30,1.153
NVDA,nvidia,United States,2021-01-31,1.145
NVDA,nvidia,United States,2020-10-31,1.047
NVDA,nvidia,United States,2020-07-31,0.997
NVDA,nvidia,United States,2020-04-30,0.735
NVDA,nvidia,United States,2020-01-31,0.739
NVDA,nvidia,United States,2019-10-31,0.712
NVDA,nvidia,United States,2019-07-31,0.704
NVDA,nvidia,United States,2019-04-30,0.674
NVDA,nvidia,United States,2019-01-31,0.648
NVDA,nvidia,United States,2018-10-31,0.605
NVDA,nvidia,United States,2018-07-31,0.581
NVDA,nvidia,United States,2018-04-30,0.542
NVDA,nvidia,United States,2018-01-31,0.508
NVDA,nvidia,United States,2017-10-31,0.462
NVDA,nvidia,United States,2017-07-31,0.416
NVDA,nvidia,United States,2017-04-30,0.411
NVDA,nvidia,United States,2017-01-31,0.394
NVDA,nvidia,United States,2016-10-31,0.373
NVDA,nvidia,United States,2016-07-31,0.350
NVDA,nvidia,United States,2016-04-30,0.346
NVDA,nvidia,United States,2016-01-31,0.343
NVDA,nvidia,United States,2015-10-31,0.329
NVDA,nvidia,United States,2015-07-31,0.320
NVDA,nvidia,United States,2015-04-30,0.339
NVDA,nvidia,United States,2015-01-31,0.349
NVDA,nvidia,United States,2014-10-31,0.340
NVDA,nvidia,United States,2014-07-31,0.337
NVDA,nvidia,United States,2014-04-30,0.334
NVDA,nvidia,United States,2014-01-31,0.337
NVDA,nvidia,United States,2013-10-31,0.340
NVDA,nvidia,United States,2013-07-31,0.332
NVDA,nvidia,United States,2013-04-30,0.327
NVDA,nvidia,United States,2013-01-31,0.298
NVDA,nvidia,United States,2012-10-31,0.284
NVDA,nvidia,United States,2012-07-31,0.281
NVDA,nvidia,United States,2012-04-30,0.284
NVDA,nvidia,United States,2012-01-31,0.267
NVDA,nvidia,United States,2011-10-31,0.256
NVDA,nvidia,United States,2011-07-31,0.248
LLY,eli-lilly,United States,2026-03-31,3.510
LLY,eli-lilly,United States,2025-12-31,3.802
LLY,eli-lilly,United States,2025-09-30,3.466
LLY,eli-lilly,United States,2025-06-30,3.336
LLY,eli-lilly,United States,2025-03-31,2.734
LLY,eli-lilly,United States,2024-12-31,3.023
LLY,eli-lilly,United States,2024-09-30,2.734
LLY,eli-lilly,United States,2024-06-30,2.711
LLY,eli-lilly,United States,2024-03-31,2.523
LLY,eli-lilly,United States,2023-12-31,2.563
LLY,eli-lilly,United States,2023-09-30,2.409
LLY,eli-lilly,United States,2023-06-30,2.357
LLY,eli-lilly,United States,2023-03-31,1.985
LLY,eli-lilly,United States,2022-12-31,1.996
LLY,eli-lilly,United States,2022-09-30,1.803
LLY,eli-lilly,United States,2022-06-30,1.782
LLY,eli-lilly,United States,2022-03-31,1.610
LLY,eli-lilly,United States,2021-12-31,1.898
LLY,eli-lilly,United States,2021-09-30,1.705
LLY,eli-lilly,United States,2021-06-30,1.655
LLY,eli-lilly,United States,2021-03-31,1.672
LLY,eli-lilly,United States,2020-12-31,1.729
LLY,eli-lilly,United States,2020-09-30,1.465
LLY,eli-lilly,United States,2020-06-30,1.390
LLY,eli-lilly,United States,2020-03-31,1.392
LLY,eli-lilly,United States,2019-12-31,1.581
LLY,eli-lilly,United States,2019-09-30,1.381
LLY,eli-lilly,United States,2019-06-30,1.402
LLY,eli-lilly,United States,2019-03-31,1.231
LLY,eli-lilly,United States,2018-12-31,1.392
LLY,eli-lilly,United States,2018-09-30,1.281
LLY,eli-lilly,United States,2018-06-30,1.271
LLY,eli-lilly,United States,2018-03-31,1.108
LLY,eli-lilly,United States,2017-12-31,1.226
LLY,eli-lilly,United States,2017-09-30,1.340
LLY,eli-lilly,United States,2017-06-30,1.272
LLY,eli-lilly,United States,2017-03-31,1.258
LLY,eli-lilly,United States,2016-12-31,1.517
LLY,eli-lilly,United States,2016-09-30,1.236
LLY,eli-lilly,United States,2016-06-30,1.336
LLY,eli-lilly,United States,2016-03-31,1.221
LLY,eli-lilly,United States,2015-12-31,1.444
LLY,eli-lilly,United States,2015-09-30,1.143
LLY,eli-lilly,United States,2015-06-30,1.170
LLY,eli-lilly,United States,2015-03-31,1.039
LLY,eli-lilly,United States,2014-12-31,1.186
LLY,eli-lilly,United States,2014-09-30,1.243
LLY,eli-lilly,United States,2014-06-30,1.195
LLY,eli-lilly,United States,2014-03-31,1.109
LLY,eli-lilly,United States,2013-12-31,1.475
LLY,eli-lilly,United States,2013-09-30,1.377
LLY,eli-lilly,United States,2013-06-30,1.330
LLY,eli-lilly,United States,2013-03-31,1.348
LLY,eli-lilly,United States,2012-12-31,1.463
LLY,eli-lilly,United States,2012-09-30,1.343
LLY,eli-lilly,United States,2012-06-30,1.321
LLY,eli-lilly,United States,2012-03-31,1.152
LLY,eli-lilly,United States,2011-12-31,1.355
LLY,eli-lilly,United States,2011-09-30,1.281
LLY,eli-lilly,United States,2011-06-30,1.261
AVGO,broadcom,United States,2026-04-30,2.995
AVGO,broadcom,United States,2026-01-31,2.965
AVGO,broadcom,United States,2025-10-31,2.981
AVGO,broadcom,United States,2025-07-31,3.050
AVGO,broadcom,United States,2025-04-30,2.693
AVGO,broadcom,United States,2025-01-31,2.253
AVGO,broadcom,United States,2024-10-31,2.234
AVGO,broadcom,United States,2024-07-31,2.353
AVGO,broadcom,United States,2024-04-30,2.415
AVGO,broadcom,United States,2024-01-31,2.308
AVGO,broadcom,United States,2023-10-31,1.388
AVGO,broadcom,United States,2023-07-31,1.358
AVGO,broadcom,United States,2023-04-30,1.312
AVGO,broadcom,United States,2023-01-31,1.195
AVGO,broadcom,United States,2022-10-31,1.197
AVGO,broadcom,United States,2022-07-31,1.255
AVGO,broadcom,United States,2022-04-30,1.261
AVGO,broadcom,United States,2022-01-31,1.206
AVGO,broadcom,United States,2021-10-31,1.200
AVGO,broadcom,United States,2021-07-31,1.205
AVGO,broadcom,United States,2021-04-30,1.238
AVGO,broadcom,United States,2021-01-31,1.211
AVGO,broadcom,United States,2020-10-31,1.182
AVGO,broadcom,United States,2020-07-31,1.228
AVGO,broadcom,United States,2020-04-30,1.269
AVGO,broadcom,United States,2020-01-31,1.289
AVGO,broadcom,United States,2019-10-31,1.177
AVGO,broadcom,United States,2019-07-31,1.235
AVGO,broadcom,United States,2019-04-30,1.151
AVGO,broadcom,United States,2019-01-31,1.133
AVGO,broadcom,United States,2018-10-31,0.948
AVGO,broadcom,United States,2018-07-31,0.959
AVGO,broadcom,United States,2018-04-30,0.936
AVGO,broadcom,United States,2018-01-31,0.925
AVGO,broadcom,United States,2017-10-31,0.838
AVGO,broadcom,United States,2017-07-31,0.827
AVGO,broadcom,United States,2017-04-30,0.829
AVGO,broadcom,United States,2017-01-31,0.808
AVGO,broadcom,United States,2016-10-31,0.806
AVGO,broadcom,United States,2016-07-31,0.814
AVGO,broadcom,United States,2016-04-30,0.787
AVGO,broadcom,United States,2016-01-31,0.267
AVGO,broadcom,United States,2015-10-31,0.287
AVGO,broadcom,United States,2015-07-31,0.276
AVGO,broadcom,United States,2015-04-30,0.251
AVGO,broadcom,United States,2015-01-31,0.235
AVGO,broadcom,United States,2014-10-31,0.234
AVGO,broadcom,United States,2014-07-31,0.240
AVGO,broadcom,United States,2014-04-30,0.114
AVGO,broadcom,United States,2014-01-31,0.107
AVGO,broadcom,United States,2013-10-31,0.109
AVGO,broadcom,United States,2013-07-31,0.101
AVGO,broadcom,United States,2013-04-30,0.095
AVGO,broadcom,United States,2013-01-31,0.093
AVGO,broadcom,United States,2012-10-31,0.080
AVGO,broadcom,United States,2012-07-31,0.089
AVGO,broadcom,United States,2012-04-30,0.084
AVGO,broadcom,United States,2012-01-31,0.082
AVGO,broadcom,United States,2011-10-31,0.083
AVGO,broadcom,United States,2011-07-31,0.085
ORCL,oracle,United States,2026-02-28,2.607
ORCL,oracle,United States,2025-11-30,2.561
ORCL,oracle,United States,2025-08-31,2.491
ORCL,oracle,United States,2025-05-31,2.654
ORCL,oracle,United States,2025-02-28,2.429
ORCL,oracle,United States,2024-11-30,2.471
ORCL,oracle,United States,2024-08-31,2.306
ORCL,oracle,United States,2024-05-31,2.225
ORCL,oracle,United States,2024-02-29,2.248
ORCL,oracle,United States,2023-11-30,2.226
ORCL,oracle,United States,2023-08-31,2.216
ORCL,oracle,United States,2023-05-31,2.226
ORCL,oracle,United States,2023-02-28,2.146
ORCL,oracle,United States,2022-11-30,2.158
ORCL,oracle,United States,2022-08-31,2.093
ORCL,oracle,United States,2022-05-31,1.965
ORCL,oracle,United States,2022-02-28,1.816
ORCL,oracle,United States,2021-11-30,1.754
ORCL,oracle,United States,2021-08-31,1.684
ORCL,oracle,United States,2021-05-31,1.716
ORCL,oracle,United States,2021-02-28,1.621
ORCL,oracle,United States,2020-11-30,1.601
ORCL,oracle,United States,2020-08-31,1.589
ORCL,oracle,United States,2020-05-31,1.479
ORCL,oracle,United States,2020-02-29,1.500
ORCL,oracle,United States,2019-11-30,1.531
ORCL,oracle,United States,2019-08-31,1.557
ORCL,oracle,United States,2019-05-31,1.561
ORCL,oracle,United States,2019-02-28,1.426
ORCL,oracle,United States,2018-11-30,1.475
ORCL,oracle,United States,2018-08-31,1.564
ORCL,oracle,United States,2018-05-31,1.543
ORCL,oracle,United States,2018-02-28,1.496
ORCL,oracle,United States,2017-11-30,1.473
ORCL,oracle,United States,2017-08-31,1.572
ORCL,oracle,United States,2017-05-31,1.602
ORCL,oracle,United States,2017-02-28,1.521
ORCL,oracle,United States,2016-11-30,1.510
ORCL,oracle,United States,2016-08-31,1.520
ORCL,oracle,United States,2016-05-31,1.534
ORCL,oracle,United States,2016-02-29,1.419
ORCL,oracle,United States,2015-11-30,1.444
ORCL,oracle,United States,2015-08-31,1.390
ORCL,oracle,United States,2015-05-31,1.436
ORCL,oracle,United States,2015-02-28,1.370
ORCL,oracle,United States,2014-11-30,1.389
ORCL,oracle,United States,2014-08-31,1.329
ORCL,oracle,United States,2014-05-31,1.349
ORCL,oracle,United States,2014-02-28,1.292
ORCL,oracle,United States,2013-11-30,1.273
ORCL,oracle,United States,2013-08-31,1.237
ORCL,oracle,United States,2013-05-31,1.264
ORCL,oracle,United States,2013-02-28,1.186
ORCL,oracle,United States,2012-11-30,1.199
ORCL,oracle,United States,2012-08-31,1.201
ORCL,oracle,United States,2012-05-31,1.226
ORCL,oracle,United States,2012-02-29,1.145
ORCL,oracle,United States,2011-11-30,1.102
ORCL,oracle,United States,2011-08-31,1.050
CSCO,cisco-systems,United States,2026-04-30,2.377
CSCO,cisco-systems,United States,2026-01-31,2.355
CSCO,cisco-systems,United States,2025-10-31,2.400
CSCO,cisco-systems,United States,2025-07-31,2.380
CSCO,cisco-systems,United States,2025-04-30,2.335
CSCO,cisco-systems,United States,2025-01-31,2.299
CSCO,cisco-systems,United States,2024-10-31,2.286
CSCO,cisco-systems,United States,2024-07-31,2.179
CSCO,cisco-systems,United States,2024-04-30,1.948
CSCO,cisco-systems,United States,2024-01-31,1.943
CSCO,cisco-systems,United States,2023-10-31,1.913
CSCO,cisco-systems,United States,2023-07-31,1.953
CSCO,cisco-systems,United States,2023-04-30,1.962
CSCO,cisco-systems,United States,2023-01-31,1.855
CSCO,cisco-systems,United States,2022-10-31,1.781
CSCO,cisco-systems,United States,2022-07-31,1.682
CSCO,cisco-systems,United States,2022-04-30,1.708
CSCO,cisco-systems,United States,2022-01-31,1.670
CSCO,cisco-systems,United States,2021-10-31,1.714
CSCO,cisco-systems,United States,2021-07-31,1.713
CSCO,cisco-systems,United States,2021-04-30,1.697
CSCO,cisco-systems,United States,2021-01-31,1.527
CSCO,cisco-systems,United States,2020-10-31,1.612
CSCO,cisco-systems,United States,2020-07-31,1.565
CSCO,cisco-systems,United States,2020-04-30,1.546
CSCO,cisco-systems,United States,2020-01-31,1.570
CSCO,cisco-systems,United States,2019-10-31,1.666
CSCO,cisco-systems,United States,2019-07-31,1.753
CSCO,cisco-systems,United States,2019-04-30,1.659
CSCO,cisco-systems,United States,2019-01-31,1.557
CSCO,cisco-systems,United States,2018-10-31,1.608
CSCO,cisco-systems,United States,2018-07-31,1.626
CSCO,cisco-systems,United States,2018-04-30,1.590
CSCO,cisco-systems,United States,2018-01-31,1.549
CSCO,cisco-systems,United States,2017-10-31,1.567
CSCO,cisco-systems,United States,2017-07-31,1.499
CSCO,cisco-systems,United States,2017-04-30,1.507
CSCO,cisco-systems,United States,2017-01-31,1.508
CSCO,cisco-systems,United States,2016-10-31,1.545
CSCO,cisco-systems,United States,2016-07-31,1.601
CSCO,cisco-systems,United States,2016-04-30,1.626
CSCO,cisco-systems,United States,2016-01-31,1.509
CSCO,cisco-systems,United States,2015-10-31,1.560
CSCO,cisco-systems,United States,2015-07-31,1.548
CSCO,cisco-systems,United States,2015-04-30,1.547
CSCO,cisco-systems,United States,2015-01-31,1.529
CSCO,cisco-systems,United States,2014-10-31,1.583
CSCO,cisco-systems,United States,2014-07-31,1.593
CSCO,cisco-systems,United States,2014-04-30,1.565
CSCO,cisco-systems,United States,2014-01-31,1.412
CSCO,cisco-systems,United States,2013-10-31,1.724
CSCO,cisco-systems,United States,2013-07-31,1.517
CSCO,cisco-systems,United States,2013-04-30,1.542
CSCO,cisco-systems,United States,2013-01-31,1.452
CSCO,cisco-systems,United States,2012-10-31,1.431
CSCO,cisco-systems,United States,2012-07-31,1.416
CSCO,cisco-systems,United States,2012-04-30,1.358
CSCO,cisco-systems,United States,2012-01-31,1.339
CSCO,cisco-systems,United States,2011-10-31,1.375
CSCO,cisco-systems,United States,2011-07-31,1.484
ABBV,abbvie,United States,2026-03-31,2.472
ABBV,abbvie,United States,2025-12-31,2.579
ABBV,abbvie,United States,2025-09-30,2.319
ABBV,abbvie,United States,2025-06-30,2.131
ABBV,abbvie,United States,2025-03-31,2.067
ABBV,abbvie,United States,2024-12-31,6.774
ABBV,abbvie,United States,2024-09-30,2.130
ABBV,abbvie,United States,2024-06-30,1.948
ABBV,abbvie,United States,2024-03-31,1.939
ABBV,abbvie,United States,2023-12-31,1.927
ABBV,abbvie,United States,2023-09-30,1.723
ABBV,abbvie,United States,2023-06-30,1.733
ABBV,abbvie,United States,2023-03-31,2.292
ABBV,abbvie,United States,2022-12-31,1.790
ABBV,abbvie,United States,2022-09-30,1.614
ABBV,abbvie,United States,2022-06-30,1.609
ABBV,abbvie,United States,2022-03-31,1.497
ABBV,abbvie,United States,2021-12-31,1.827
ABBV,abbvie,United States,2021-09-30,1.661
ABBV,abbvie,United States,2021-06-30,1.767
ABBV,abbvie,United States,2021-03-31,1.667
ABBV,abbvie,United States,2020-12-31,1.712
ABBV,abbvie,United States,2020-09-30,1.706
ABBV,abbvie,United States,2020-06-30,1.582
ABBV,abbvie,United States,2020-03-31,1.379
ABBV,abbvie,United States,2019-12-31,1.542
ABBV,abbvie,United States,2019-09-30,2.285
ABBV,abbvie,United States,2019-06-30,1.291
ABBV,abbvie,United States,2019-03-31,1.289
ABBV,abbvie,United States,2018-12-31,6.495
ABBV,abbvie,United States,2018-09-30,1.268
ABBV,abbvie,United States,2018-06-30,1.322
ABBV,abbvie,United States,2018-03-31,1.244
ABBV,abbvie,United States,2017-12-31,1.408
ABBV,abbvie,United States,2017-09-30,1.228
ABBV,abbvie,United States,2017-06-30,1.229
ABBV,abbvie,United States,2017-03-31,1.142
ABBV,abbvie,United States,2016-12-31,1.209
ABBV,abbvie,United States,2016-09-30,1.106
ABBV,abbvie,United States,2016-06-30,1.124
ABBV,abbvie,United States,2016-03-31,0.946
ABBV,abbvie,United States,2015-12-31,1.075
ABBV,abbvie,United States,2015-09-30,1.418
ABBV,abbvie,United States,2015-06-30,0.981
ABBV,abbvie,United States,2015-03-31,0.811
ABBV,abbvie,United States,2014-12-31,0.879
ABBV,abbvie,United States,2014-09-30,0.812
ABBV,abbvie,United States,2014-06-30,0.834
ABBV,abbvie,United States,2014-03-31,0.772
ABBV,abbvie,United States,2013-12-31,0.798
ABBV,abbvie,United States,2013-09-30,0.714
ABBV,abbvie,United States,2013-06-30,0.709
ABBV,abbvie,United States,2013-03-31,0.634
ABBV,abbvie,United States,2012-12-31,0.681
ABBV,abbvie,United States,2012-09-30,0.813
ABBV,abbvie,United States,2012-06-30,0.642
ABBV,abbvie,United States,2012-03-31,0.642
ABBV,abbvie,United States,2011-12-31,2.603
ABBV,abbvie,United States,2011-09-30,0.000
ABBV,abbvie,United States,2011-06-30,0.000
IBM,ibm,United States,2026-03-31,2.173
IBM,ibm,United States,2025-12-31,2.187
IBM,ibm,United States,2025-09-30,2.082
IBM,ibm,United States,2025-06-30,2.097
IBM,ibm,United States,2025-03-31,1.950
IBM,ibm,United States,2024-12-31,1.967
IBM,ibm,United States,2024-09-30,1.876
IBM,ibm,United States,2024-06-30,1.840
IBM,ibm,United States,2024-03-31,1.796
IBM,ibm,United States,2023-12-31,1.748
IBM,ibm,United States,2023-09-30,1.685
IBM,ibm,United States,2023-06-30,1.687
IBM,ibm,United States,2023-03-31,1.655
IBM,ibm,United States,2022-12-31,1.604
IBM,ibm,United States,2022-09-30,1.611
IBM,ibm,United States,2022-06-30,1.673
IBM,ibm,United States,2022-03-31,1.679
IBM,ibm,United States,2021-12-31,1.625
IBM,ibm,United States,2021-09-30,1.606
IBM,ibm,United States,2021-06-30,1.641
IBM,ibm,United States,2021-03-31,1.616
IBM,ibm,United States,2020-12-31,1.540
IBM,ibm,United States,2020-09-30,1.515
IBM,ibm,United States,2020-06-30,1.582
IBM,ibm,United States,2020-03-31,1.625
IBM,ibm,United States,2019-12-31,1.517
IBM,ibm,United States,2019-09-30,1.553
IBM,ibm,United States,2019-06-30,1.407
IBM,ibm,United States,2019-03-31,1.433
IBM,ibm,United States,2018-12-31,1.358
IBM,ibm,United States,2018-09-30,1.252
IBM,ibm,United States,2018-06-30,1.364
IBM,ibm,United States,2018-03-31,1.405
IBM,ibm,United States,2017-12-31,1.379
IBM,ibm,United States,2017-09-30,1.291
IBM,ibm,United States,2017-06-30,1.436
IBM,ibm,United States,2017-03-31,1.484
IBM,ibm,United States,2016-12-31,1.406
IBM,ibm,United States,2016-09-30,1.397
IBM,ibm,United States,2016-06-30,1.465
IBM,ibm,United States,2016-03-31,1.458
IBM,ibm,United States,2015-12-31,1.362
IBM,ibm,United States,2015-09-30,1.287
IBM,ibm,United States,2015-06-30,1.300
IBM,ibm,United States,2015-03-31,1.298
IBM,ibm,United States,2014-12-31,1.320
IBM,ibm,United States,2014-09-30,1.354
IBM,ibm,United States,2014-06-30,1.361
IBM,ibm,United States,2014-03-31,1.402
IBM,ibm,United States,2013-12-31,1.195
IBM,ibm,United States,2013-09-30,1.356
IBM,ibm,United States,2013-06-30,1.548
IBM,ibm,United States,2013-03-31,1.644
IBM,ibm,United States,2012-12-31,1.094
IBM,ibm,United States,2012-09-30,1.534
IBM,ibm,United States,2012-06-30,1.587
IBM,ibm,United States,2012-03-31,1.601
IBM,ibm,United States,2011-12-31,1.556
IBM,ibm,United States,2011-09-30,1.546
IBM,ibm,United States,2011-06-30,1.569
AMD,amd,United States,2026-03-31,2.397
AMD,amd,United States,2025-12-31,2.330
AMD,amd,United States,2025-09-30,2.139
AMD,amd,United States,2025-06-30,1.894
AMD,amd,United States,2025-03-31,1.728
AMD,amd,United States,2024-12-31,1.712
AMD,amd,United States,2024-09-30,1.636
AMD,amd,United States,2024-06-30,1.583
AMD,amd,United States,2024-03-31,1.525
AMD,amd,United States,2023-12-31,1.511
AMD,amd,United States,2023-09-30,1.507
AMD,amd,United States,2023-06-30,1.443
AMD,amd,United States,2023-03-31,1.411
AMD,amd,United States,2022-12-31,1.366
AMD,amd,United States,2022-09-30,1.279
AMD,amd,United States,2022-06-30,1.300
AMD,amd,United States,2022-03-31,1.060
AMD,amd,United States,2021-12-31,0.811
AMD,amd,United States,2021-09-30,0.765
AMD,amd,United States,2021-06-30,0.659
AMD,amd,United States,2021-03-31,0.610
AMD,amd,United States,2020-12-31,0.573
AMD,amd,United States,2020-09-30,0.508
AMD,amd,United States,2020-06-30,0.460
AMD,amd,United States,2020-03-31,0.442
AMD,amd,United States,2019-12-31,0.395
AMD,amd,United States,2019-09-30,0.406
AMD,amd,United States,2019-06-30,0.373
AMD,amd,United States,2019-03-31,0.373
AMD,amd,United States,2018-12-31,0.371
AMD,amd,United States,2018-09-30,0.363
AMD,amd,United States,2018-06-30,0.357
AMD,amd,United States,2018-03-31,0.343
AMD,amd,United States,2017-12-31,0.320
AMD,amd,United States,2017-09-30,0.320
AMD,amd,United States,2017-06-30,0.285
AMD,amd,United States,2017-03-31,0.271
AMD,amd,United States,2016-12-31,0.264
AMD,amd,United States,2016-09-30,0.259
AMD,amd,United States,2016-06-30,0.243
AMD,amd,United States,2016-03-31,0.242
AMD,amd,United States,2015-12-31,0.229
AMD,amd,United States,2015-09-30,0.241
AMD,amd,United States,2015-06-30,0.235
AMD,amd,United States,2015-03-31,0.242
AMD,amd,United States,2014-12-31,0.238
AMD,amd,United States,2014-09-30,0.278
AMD,amd,United States,2014-06-30,0.277
AMD,amd,United States,2014-03-31,0.279
AMD,amd,United States,2013-12-31,0.293
AMD,amd,United States,2013-09-30,0.288
AMD,amd,United States,2013-06-30,0.308
AMD,amd,United States,2013-03-31,0.312
AMD,amd,United States,2012-12-31,0.313
AMD,amd,United States,2012-09-30,0.328
AMD,amd,United States,2012-06-30,0.345
AMD,amd,United States,2012-03-31,0.368
AMD,amd,United States,2011-12-31,0.358
AMD,amd,United States,2011-09-30,0.361
AMD,amd,United States,2011-06-30,0.367
AMGN,amgen,United States,2026-03-31,1.719
AMGN,amgen,United States,2025-12-31,2.142
AMGN,amgen,United States,2025-09-30,1.900
AMGN,amgen,United States,2025-06-30,1.744
AMGN,amgen,United States,2025-03-31,1.486
AMGN,amgen,United States,2024-12-31,1.724
AMGN,amgen,United States,2024-09-30,1.450
AMGN,amgen,United States,2024-06-30,1.447
AMGN,amgen,United States,2024-03-31,1.343
AMGN,amgen,United States,2023-12-31,1.534
AMGN,amgen,United States,2023-09-30,1.079
AMGN,amgen,United States,2023-06-30,1.113
AMGN,amgen,United States,2023-03-31,1.058
AMGN,amgen,United States,2022-12-31,1.324
AMGN,amgen,United States,2022-09-30,1.112
AMGN,amgen,United States,2022-06-30,1.039
AMGN,amgen,United States,2022-03-31,0.959
AMGN,amgen,United States,2021-12-31,1.348
AMGN,amgen,United States,2021-09-30,1.422
AMGN,amgen,United States,2021-06-30,1.082
AMGN,amgen,United States,2021-03-31,0.967
AMGN,amgen,United States,2020-12-31,1.229
AMGN,amgen,United States,2020-09-30,1.062
AMGN,amgen,United States,2020-06-30,0.964
AMGN,amgen,United States,2020-03-31,0.952
AMGN,amgen,United States,2019-12-31,1.312
AMGN,amgen,United States,2019-09-30,1.001
AMGN,amgen,United States,2019-06-30,0.924
AMGN,amgen,United States,2019-03-31,0.879
AMGN,amgen,United States,2018-12-31,1.182
AMGN,amgen,United States,2018-09-30,0.926
AMGN,amgen,United States,2018-06-30,0.869
AMGN,amgen,United States,2018-03-31,0.760
AMGN,amgen,United States,2017-12-31,1.043
AMGN,amgen,United States,2017-09-30,0.877
AMGN,amgen,United States,2017-06-30,0.873
AMGN,amgen,United States,2017-03-31,0.769
AMGN,amgen,United States,2016-12-31,1.078
AMGN,amgen,United States,2016-09-30,0.990
AMGN,amgen,United States,2016-06-30,0.900
AMGN,amgen,United States,2016-03-31,0.872
AMGN,amgen,United States,2015-12-31,1.093
AMGN,amgen,United States,2015-09-30,1.119
AMGN,amgen,United States,2015-06-30,0.964
AMGN,amgen,United States,2015-03-31,0.894
AMGN,amgen,United States,2014-12-31,1.234
AMGN,amgen,United States,2014-09-30,1.018
AMGN,amgen,United States,2014-06-30,1.018
AMGN,amgen,United States,2014-03-31,1.027
AMGN,amgen,United States,2013-12-31,1.249
AMGN,amgen,United States,2013-09-30,0.989
AMGN,amgen,United States,2013-06-30,0.967
AMGN,amgen,United States,2013-03-31,0.878
AMGN,amgen,United States,2012-12-31,0.938
AMGN,amgen,United States,2012-09-30,0.880
AMGN,amgen,United States,2012-06-30,0.826
AMGN,amgen,United States,2012-03-31,0.736
AMGN,amgen,United States,2011-12-31,0.851
AMGN,amgen,United States,2011-09-30,0.761
AMGN,amgen,United States,2011-06-30,0.819
TSLA,tesla,United States,2026-03-31,1.946
TSLA,tesla,United States,2025-12-31,1.783
TSLA,tesla,United States,2025-09-30,1.630
TSLA,tesla,United States,2025-06-30,1.589
TSLA,tesla,United States,2025-03-31,1.409
TSLA,tesla,United States,2024-12-31,1.276
TSLA,tesla,United States,2024-09-30,1.039
TSLA,tesla,United States,2024-06-30,1.074
TSLA,tesla,United States,2024-03-31,1.151
TSLA,tesla,United States,2023-12-31,1.094
TSLA,tesla,United States,2023-09-30,1.161
TSLA,tesla,United States,2023-06-30,0.943
TSLA,tesla,United States,2023-03-31,0.771
TSLA,tesla,United States,2022-12-31,0.810
TSLA,tesla,United States,2022-09-30,0.733
TSLA,tesla,United States,2022-06-30,0.667
TSLA,tesla,United States,2022-03-31,0.865
TSLA,tesla,United States,2021-12-31,0.740
TSLA,tesla,United States,2021-09-30,0.611
TSLA,tesla,United States,2021-06-30,0.576
TSLA,tesla,United States,2021-03-31,0.666
TSLA,tesla,United States,2020-12-31,0.522
TSLA,tesla,United States,2020-09-30,0.366
TSLA,tesla,United States,2020-06-30,0.279
TSLA,tesla,United States,2020-03-31,0.324
TSLA,tesla,United States,2019-12-31,0.345
TSLA,tesla,United States,2019-09-30,0.334
TSLA,tesla,United States,2019-06-30,0.324
TSLA,tesla,United States,2019-03-31,0.340
TSLA,tesla,United States,2018-12-31,0.356
TSLA,tesla,United States,2018-09-30,0.351
TSLA,tesla,United States,2018-06-30,0.386
TSLA,tesla,United States,2018-03-31,0.367
TSLA,tesla,United States,2017-12-31,0.355
TSLA,tesla,United States,2017-09-30,0.332
TSLA,tesla,United States,2017-06-30,0.370
TSLA,tesla,United States,2017-03-31,0.322
TSLA,tesla,United States,2016-12-31,0.246
TSLA,tesla,United States,2016-09-30,0.214
TSLA,tesla,United States,2016-06-30,0.192
TSLA,tesla,United States,2016-03-31,0.182
TSLA,tesla,United States,2015-12-31,0.190
TSLA,tesla,United States,2015-09-30,0.179
TSLA,tesla,United States,2015-06-30,0.182
TSLA,tesla,United States,2015-03-31,0.167
TSLA,tesla,United States,2014-12-31,0.140
TSLA,tesla,United States,2014-09-30,0.136
TSLA,tesla,United States,2014-06-30,0.108
TSLA,tesla,United States,2014-03-31,0.082
TSLA,tesla,United States,2013-12-31,0.068
TSLA,tesla,United States,2013-09-30,0.056
TSLA,tesla,United States,2013-06-30,0.052
TSLA,tesla,United States,2013-03-31,0.055
TSLA,tesla,United States,2012-12-31,0.069
TSLA,tesla,United States,2012-09-30,0.062
TSLA,tesla,United States,2012-06-30,0.075
TSLA,tesla,United States,2012-03-31,0.068
TSLA,tesla,United States,2011-12-31,0.061
TSLA,tesla,United States,2011-09-30,0.054
TSLA,tesla,United States,2011-06-30,0.053
CRM,salesforce,United States,2026-04-30,1.627
CRM,salesforce,United States,2026-01-31,1.619
CRM,salesforce,United States,2025-10-31,1.433
CRM,salesforce,United States,2025-07-31,1.481
CRM,salesforce,United States,2025-04-30,1.460
CRM,salesforce,United States,2025-01-31,1.420
CRM,salesforce,United States,2024-10-31,1.356
CRM,salesforce,United States,2024-07-31,1.349
CRM,salesforce,United States,2024-04-30,1.368
CRM,salesforce,United States,2024-01-31,1.275
CRM,salesforce,United States,2023-10-31,1.204
CRM,salesforce,United States,2023-07-31,1.220
CRM,salesforce,United States,2023-04-30,1.207
CRM,salesforce,United States,2023-01-31,1.128
CRM,salesforce,United States,2022-10-31,1.280
CRM,salesforce,United States,2022-07-31,1.329
CRM,salesforce,United States,2022-04-30,1.318
CRM,salesforce,United States,2022-01-31,1.291
CRM,salesforce,United States,2021-10-31,1.203
CRM,salesforce,United States,2021-07-31,1.020
CRM,salesforce,United States,2021-04-30,0.951
CRM,salesforce,United States,2021-01-31,0.939
CRM,salesforce,United States,2020-10-31,0.902
CRM,salesforce,United States,2020-07-31,0.898
CRM,salesforce,United States,2020-04-30,0.859
CRM,salesforce,United States,2020-01-31,0.831
CRM,salesforce,United States,2019-10-31,0.774
CRM,salesforce,United States,2019-07-31,0.607
CRM,salesforce,United States,2019-04-30,0.554
CRM,salesforce,United States,2019-01-31,0.518
CRM,salesforce,United States,2018-10-31,0.481
CRM,salesforce,United States,2018-07-31,0.463
CRM,salesforce,United States,2018-04-30,0.424
CRM,salesforce,United States,2018-01-31,0.396
CRM,salesforce,United States,2017-10-31,0.394
CRM,salesforce,United States,2017-07-31,0.387
CRM,salesforce,United States,2017-04-30,0.376
CRM,salesforce,United States,2017-01-31,0.344
CRM,salesforce,United States,2016-10-31,0.311
CRM,salesforce,United States,2016-07-31,0.292
CRM,salesforce,United States,2016-04-30,0.261
CRM,salesforce,United States,2016-01-31,0.251
CRM,salesforce,United States,2015-10-31,0.239
CRM,salesforce,United States,2015-07-31,0.234
CRM,salesforce,United States,2015-04-30,0.222
CRM,salesforce,United States,2015-01-31,0.206
CRM,salesforce,United States,2014-10-31,0.195
CRM,salesforce,United States,2014-07-31,0.203
CRM,salesforce,United States,2014-04-30,0.188
CRM,salesforce,United States,2014-01-31,0.173
CRM,salesforce,United States,2013-10-31,0.171
CRM,salesforce,United States,2013-07-31,0.148
CRM,salesforce,United States,2013-04-30,0.132
CRM,salesforce,United States,2013-01-31,0.121
CRM,salesforce,United States,2012-10-31,0.114
CRM,salesforce,United States,2012-07-31,0.099
CRM,salesforce,United States,2012-04-30,0.095
CRM,salesforce,United States,2012-01-31,0.081
CRM,salesforce,United States,2011-10-31,0.076
CRM,salesforce,United States,2011-07-31,0.073
REGN,regeneron-pharmaceuticals,United States,2026-03-31,1.544
REGN,regeneron-pharmaceuticals,United States,2025-12-31,1.626
REGN,regeneron-pharmaceuticals,United States,2025-09-30,1.475
REGN,regeneron-pharmaceuticals,United States,2025-06-30,1.422
REGN,regeneron-pharmaceuticals,United States,2025-03-31,1.327
REGN,regeneron-pharmaceuticals,United States,2024-12-31,1.412
REGN,regeneron-pharmaceuticals,United States,2024-09-30,1.272
REGN,regeneron-pharmaceuticals,United States,2024-06-30,1.200
REGN,regeneron-pharmaceuticals,United States,2024-03-31,1.248
REGN,regeneron-pharmaceuticals,United States,2023-12-31,1.177
REGN,regeneron-pharmaceuticals,United States,2023-09-30,1.075
REGN,regeneron-pharmaceuticals,United States,2023-06-30,1.085
REGN,regeneron-pharmaceuticals,United States,2023-03-31,1.101
REGN,regeneron-pharmaceuticals,United States,2022-12-31,1.043
REGN,regeneron-pharmaceuticals,United States,2022-09-30,0.911
REGN,regeneron-pharmaceuticals,United States,2022-06-30,0.794
REGN,regeneron-pharmaceuticals,United States,2022-03-31,0.844
REGN,regeneron-pharmaceuticals,United States,2021-12-31,0.738
REGN,regeneron-pharmaceuticals,United States,2021-09-30,0.665
REGN,regeneron-pharmaceuticals,United States,2021-06-30,0.714
REGN,regeneron-pharmaceuticals,United States,2021-03-31,0.743
REGN,regeneron-pharmaceuticals,United States,2020-12-31,0.657
REGN,regeneron-pharmaceuticals,United States,2020-09-30,0.685
REGN,regeneron-pharmaceuticals,United States,2020-06-30,0.722
REGN,regeneron-pharmaceuticals,United States,2020-03-31,0.584
REGN,regeneron-pharmaceuticals,United States,2019-12-31,0.552
REGN,regeneron-pharmaceuticals,United States,2019-09-30,0.526
REGN,regeneron-pharmaceuticals,United States,2019-06-30,0.886
REGN,regeneron-pharmaceuticals,United States,2019-03-31,0.486
REGN,regeneron-pharmaceuticals,United States,2018-12-31,-0.116
REGN,regeneron-pharmaceuticals,United States,2018-09-30,0.557
REGN,regeneron-pharmaceuticals,United States,2018-06-30,0.529
REGN,regeneron-pharmaceuticals,United States,2018-03-31,0.499
REGN,regeneron-pharmaceuticals,United States,2017-12-31,0.528
REGN,regeneron-pharmaceuticals,United States,2017-09-30,0.530
REGN,regeneron-pharmaceuticals,United States,2017-06-30,0.510
REGN,regeneron-pharmaceuticals,United States,2017-03-31,0.507
REGN,regeneron-pharmaceuticals,United States,2016-12-31,0.479
REGN,regeneron-pharmaceuticals,United States,2016-09-30,0.543
REGN,regeneron-pharmaceuticals,United States,2016-06-30,0.560
REGN,regeneron-pharmaceuticals,United States,2016-03-31,0.470
REGN,regeneron-pharmaceuticals,United States,2015-12-31,0.461
REGN,regeneron-pharmaceuticals,United States,2015-09-30,0.426
REGN,regeneron-pharmaceuticals,United States,2015-06-30,0.390
REGN,regeneron-pharmaceuticals,United States,2015-03-31,0.343
REGN,regeneron-pharmaceuticals,United States,2014-12-31,0.352
REGN,regeneron-pharmaceuticals,United States,2014-09-30,0.338
REGN,regeneron-pharmaceuticals,United States,2014-06-30,0.295
REGN,regeneron-pharmaceuticals,United States,2014-03-31,0.287
REGN,regeneron-pharmaceuticals,United States,2013-12-31,0.268
REGN,regeneron-pharmaceuticals,United States,2013-09-30,0.224
REGN,regeneron-pharmaceuticals,United States,2013-06-30,0.187
REGN,regeneron-pharmaceuticals,United States,2013-03-31,0.180
REGN,regeneron-pharmaceuticals,United States,2012-12-31,0.181
REGN,regeneron-pharmaceuticals,United States,2012-09-30,0.158
REGN,regeneron-pharmaceuticals,United States,2012-06-30,0.147
REGN,regeneron-pharmaceuticals,United States,2012-03-31,0.139
REGN,regeneron-pharmaceuticals,United States,2011-12-31,0.129
REGN,regeneron-pharmaceuticals,United States,2011-09-30,0.128
REGN,regeneron-pharmaceuticals,United States,2011-06-30,0.143
GILD,gilead-sciences,United States,2026-03-31,1.372
GILD,gilead-sciences,United States,2025-12-31,1.584
GILD,gilead-sciences,United States,2025-09-30,1.346
GILD,gilead-sciences,United States,2025-06-30,1.491
GILD,gilead-sciences,United States,2025-03-31,1.379
GILD,gilead-sciences,United States,2024-12-31,1.641
GILD,gilead-sciences,United States,2024-09-30,1.395
GILD,gilead-sciences,United States,2024-06-30,1.351
GILD,gilead-sciences,United States,2024-03-31,1.520
GILD,gilead-sciences,United States,2023-12-31,1.407
GILD,gilead-sciences,United States,2023-09-30,1.457
GILD,gilead-sciences,United States,2023-06-30,1.407
GILD,gilead-sciences,United States,2023-03-31,1.447
GILD,gilead-sciences,United States,2022-12-31,1.548
GILD,gilead-sciences,United States,2022-09-30,1.149
GILD,gilead-sciences,United States,2022-06-30,1.102
GILD,gilead-sciences,United States,2022-03-31,1.178
GILD,gilead-sciences,United States,2021-12-31,1.353
GILD,gilead-sciences,United States,2021-09-30,1.101
GILD,gilead-sciences,United States,2021-06-30,1.092
GILD,gilead-sciences,United States,2021-03-31,1.055
GILD,gilead-sciences,United States,2020-12-31,1.466
GILD,gilead-sciences,United States,2020-09-30,1.158
GILD,gilead-sciences,United States,2020-06-30,1.299
GILD,gilead-sciences,United States,2020-03-31,1.004
GILD,gilead-sciences,United States,2019-12-31,0.973
GILD,gilead-sciences,United States,2019-09-30,1.030
GILD,gilead-sciences,United States,2019-06-30,0.995
GILD,gilead-sciences,United States,2019-03-31,1.057
GILD,gilead-sciences,United States,2018-12-31,0.852
GILD,gilead-sciences,United States,2018-09-30,0.939
GILD,gilead-sciences,United States,2018-06-30,1.192
GILD,gilead-sciences,United States,2018-03-31,0.937
GILD,gilead-sciences,United States,2017-12-31,1.150
GILD,gilead-sciences,United States,2017-09-30,0.789
GILD,gilead-sciences,United States,2017-06-30,0.864
GILD,gilead-sciences,United States,2017-03-31,0.931
GILD,gilead-sciences,United States,2016-12-31,1.208
GILD,gilead-sciences,United States,2016-09-30,1.141
GILD,gilead-sciences,United States,2016-06-30,1.484
GILD,gilead-sciences,United States,2016-03-31,1.265
GILD,gilead-sciences,United States,2015-12-31,0.757
GILD,gilead-sciences,United States,2015-09-30,0.743
GILD,gilead-sciences,United States,2015-06-30,0.818
GILD,gilead-sciences,United States,2015-03-31,0.696
GILD,gilead-sciences,United States,2014-12-31,1.045
GILD,gilead-sciences,United States,2014-09-30,0.630
GILD,gilead-sciences,United States,2014-06-30,0.584
GILD,gilead-sciences,United States,2014-03-31,0.595
GILD,gilead-sciences,United States,2013-12-31,0.552
GILD,gilead-sciences,United States,2013-09-30,0.546
GILD,gilead-sciences,United States,2013-06-30,0.524
GILD,gilead-sciences,United States,2013-03-31,0.498
GILD,gilead-sciences,United States,2012-12-31,0.440
GILD,gilead-sciences,United States,2012-09-30,0.466
GILD,gilead-sciences,United States,2012-06-30,0.396
GILD,gilead-sciences,United States,2012-03-31,0.458
GILD,gilead-sciences,United States,2011-12-31,0.402
GILD,gilead-sciences,United States,2011-09-30,0.290
GILD,gilead-sciences,United States,2011-06-30,0.282
